date,open,high,low,close,volume
2011/08/27,701,701,701,701,1
2011/08/30,691,691,680,680,29
2011/08/31,670,670,650,650,25
2011/09/02,667,670,667,670,3
2011/09/07,541,566,541,566,2
2011/09/09,386,386,386,386,51
2011/09/21,478,478,478,478,15
2011/09/22,429,440,429,429,1162
2011/10/13,311,311,311,311,0
2011/10/17,271,271,271,271,6
2011/10/18,211,211,211,211,0
2011/11/10,236,236,236,236,42
2011/11/18,178,178,178,178,0
2011/11/21,174,176,174,176,17
2011/12/02,246,246,246,246,49
2011/12/05,228,228,228,228,44
2011/12/19,255,255,255,255,78
2011/12/22,303,314,301,303,17
2012/01/05,491,492,491,492,49
2012/01/09,544,544,544,544,0
2012/01/10,499,499,499,499,0
2012/01/11,500,500,500,500,9
2012/01/12,544,544,544,544,24
2012/01/17,527,533,527,533,23
2012/01/18,464,464,443,454,410
2012/01/19,458,465,458,463,23
2012/01/20,504,511,504,511,40
2012/01/21,503,514,503,514,10
2012/02/03,474,474,474,474,84
2012/02/10,470,470,470,470,246
2012/02/13,426,426,423,423,28
2012/02/16,337,337,326,326,56
2012/02/18,345,345,345,345,10
2012/02/20,354,354,353,353,422
2012/02/22,358,365,355,355,229
2012/02/23,401,402,374,376,179
2012/02/24,397,401,397,401,92
2012/02/28,410,410,400,400,11
2012/02/29,402,403,402,403,40
2012/03/01,408,408,408,408,2
2012/03/04,383,383,375,379,316
2012/03/05,392,412,392,401,11
2012/03/06,412,412,412,412,0
2012/03/07,413,415,411,415,320
2012/03/08,411,411,411,411,0
2012/03/11,405,410,405,410,15
2012/03/13,410,415,410,415,6
2012/03/14,428,453,428,453,17
2012/03/15,458,458,458,458,55
2012/03/16,457,457,435,435,13
2012/03/19,449,449,390,390,46
2012/03/20,418,418,409,409,24
2012/03/21,397,415,397,415,2
2012/03/22,417,417,397,399,173
2012/03/23,399,404,395,404,124
2012/03/24,397,398,397,398,7
2012/03/25,381,381,376,376,12
2012/03/26,370,385,370,381,1
2012/03/27,393,397,393,397,110
2012/03/28,393,393,393,393,0
2012/03/29,408,408,408,408,58
2012/03/30,400,400,400,400,200
2012/03/31,399,399,399,399,0
2012/04/01,400,400,400,400,186
2012/04/02,406,407,406,407,6
2012/04/03,418,419,418,419,50
2012/04/06,414,416,398,416,798
2012/04/09,398,398,398,398,25
2012/04/12,406,406,398,398,41
2012/04/13,409,410,398,398,530
2012/04/16,394,394,394,394,0
2012/04/19,419,419,419,419,6
2012/04/20,424,429,424,429,6
2012/04/21,446,448,446,448,98
2012/04/23,432,434,432,434,453
2012/04/26,427,427,425,425,174
2012/04/27,423,424,423,424,5
2012/05/07,417,417,417,417,0
2012/05/08,399,409,397,409,200
2012/05/09,401,401,401,401,0
2012/05/10,403,403,403,403,0
2012/05/11,395,398,395,397,0
2012/05/14,394,404,394,404,36
2012/05/15,410,410,408,408,48
2012/05/16,402,402,402,402,0
2012/05/17,413,416,413,416,94
2012/05/20,400,414,400,414,0
2012/05/21,408,408,408,408,0
2012/05/22,414,414,413,414,1076
2012/05/23,419,420,419,420,46
2012/05/25,414,419,414,415,141
2012/05/27,417,419,417,419,24
2012/05/28,415,420,415,420,48
2012/05/29,414,415,410,415,11
2012/05/30,415,420,410,410,1343
2012/05/31,414,417,409,409,131
2012/06/01,416,418,416,418,341
2012/06/02,410,411,410,411,1
2012/06/04,415,417,415,417,28
2012/06/05,425,435,425,435,49
2012/06/07,439,439,439,439,75
2012/06/12,453,453,453,453,125
2012/06/13,469,479,469,479,1086
2012/06/15,480,499,480,482,2
2012/06/16,521,531,511,522,1111
2012/06/18,505,511,505,511,212
2012/06/22,540,550,540,550,547
2012/06/23,538,540,538,540,10
2012/06/25,508,508,506,506,31
2012/06/26,521,527,500,515,1284
2012/06/27,522,522,522,522,42
2012/06/28,540,543,540,543,142
2012/06/29,533,537,514,537,16
2012/07/02,535,535,535,535,5
2012/07/03,539,545,531,531,31
2012/07/04,530,531,530,531,115
2012/07/05,511,531,511,531,6
2012/07/07,541,541,541,541,10
2012/07/09,553,553,536,543,40
2012/07/10,564,568,564,568,16
2012/07/11,586,587,575,575,93
2012/07/12,580,586,580,586,18
2012/07/15,591,591,591,591,0
2012/07/17,630,677,630,677,217
2012/07/18,703,725,684,725,14
2012/07/19,720,738,720,738,53
2012/07/20,700,700,605,658,5451
2012/07/21,714,725,714,725,13
2012/07/23,650,718,641,679,2127
2012/07/24,691,700,691,700,86
2012/07/26,699,703,698,702,287
2012/07/29,703,703,703,703,4
2012/07/30,713,717,713,717,14
2012/07/31,726,727,710,710,72
2012/08/01,744,744,728,729,0
2012/08/02,737,825,737,825,13
2012/08/03,837,838,837,838,6
2012/08/04,885,898,854,854,472
2012/08/05,854,854,797,797,761
2012/08/06,870,879,869,879,1736
2012/08/08,873,889,873,889,75
2012/08/09,882,900,870,900,323
2012/08/10,896,917,891,914,4387
2012/08/13,916,953,916,935,5488
2012/08/14,950,970,950,970,2649
2012/08/15,976,1000,976,1000,2218
2012/08/16,1049,1093,1040,1093,1389
2012/08/17,1093,1201,1093,1200,1860
2012/08/18,897,976,897,976,325
2012/08/19,897,903,646,650,2031
2012/08/20,651,832,651,789,1664
2012/08/21,811,831,811,831,616
2012/08/22,795,810,775,796,1209
2012/08/23,798,808,773,783,2816
2012/08/24,814,840,802,840,2320
2012/08/25,831,849,831,849,136
2012/08/26,850,854,833,833,538
2012/08/27,853,941,853,860,2248
2012/08/28,867,884,867,884,23
2012/08/29,883,884,855,855,662
2012/08/30,880,880,843,843,715
2012/08/31,867,872,780,798,329
2012/09/01,800,800,800,800,12
2012/09/03,822,840,800,836,277
2012/09/04,832,834,789,801,293
2012/09/05,833,850,804,850,175
2012/09/06,876,876,843,860,473
2012/09/07,890,898,855,866,179
2012/09/08,877,877,876,876,7
2012/09/09,870,897,857,897,134
2012/09/10,890,898,889,890,219
2012/09/11,892,898,862,862,1558
2012/09/12,866,899,854,864,540
2012/09/14,906,923,905,923,700
2012/09/15,902,902,902,902,1
2012/09/16,901,901,894,894,1
2012/09/17,914,928,914,928,5
2012/09/18,938,960,933,960,910
2012/09/19,951,1006,951,971,302
2012/09/20,997,1007,964,970,307
2012/09/21,965,986,960,960,84
2012/09/22,970,970,966,967,5
2012/09/23,965,965,933,954,36
2012/09/24,937,986,936,936,902
2012/09/25,936,965,936,942,414
2012/09/26,935,972,933,945,98
2012/09/27,948,968,935,968,8
2012/09/28,965,985,964,964,176
2012/09/29,970,980,965,965,39
2012/09/30,964,976,960,976,35
2012/10/01,964,964,957,957,8
2012/10/02,956,996,956,983,77
2012/10/03,1009,1020,972,1004,406
2012/10/04,1014,1034,1014,1034,15
2012/10/05,1019,1021,1010,1010,37
2012/10/06,1000,1000,994,994,8
2012/10/07,993,993,918,918,13
2012/10/08,933,933,851,902,52
2012/10/09,933,978,929,929,1198
2012/10/10,950,963,939,941,736
2012/10/11,962,963,945,945,548
2012/10/12,945,950,943,943,162
2012/10/13,951,953,951,953,6
2012/10/14,953,953,943,943,31
2012/10/15,905,948,905,946,310
2012/10/16,940,963,892,952,2861
2012/10/17,952,961,948,957,343
2012/10/18,960,960,909,909,980
2012/10/19,959,965,934,934,582
2012/10/20,949,954,918,918,17
2012/10/21,939,946,929,929,20
2012/10/22,939,951,935,945,448
2012/10/23,950,965,919,919,456
2012/10/24,940,960,931,950,543
2012/10/25,948,949,863,863,1457
2012/10/26,876,900,800,800,458
2012/10/27,805,851,805,851,51
2012/10/28,858,859,858,859,1
2012/10/29,874,878,850,861,3060
2012/10/30,868,877,850,877,489
2012/10/31,879,879,879,879,82
2012/11/01,898,905,850,850,78
2012/11/02,873,878,836,836,233
2012/11/03,832,871,832,868,35
2012/11/04,869,873,845,849,124
2012/11/05,879,885,845,874,18
2012/11/06,875,893,852,893,1165
2012/11/07,891,907,870,898,591
2012/11/08,897,904,861,900,747
2012/11/09,879,892,866,878,97
2012/11/10,865,875,865,875,39
2012/11/12,865,894,865,894,852
2012/11/13,895,895,895,895,11
2012/11/14,880,896,880,880,126
2012/11/15,899,908,889,902,387
2012/11/16,907,962,894,962,122
2012/11/17,956,956,949,956,8
2012/11/18,948,954,948,954,13
2012/11/19,952,970,922,965,3939
2012/11/20,952,979,952,974,918
2012/11/21,974,983,929,974,1230
2012/11/22,975,1016,975,1016,499
2012/11/23,1025,1035,1025,1035,19
2012/11/24,1023,1031,1023,1031,13
2012/11/25,1034,1038,999,999,38
2012/11/26,1042,1067,1005,1020,3919
2012/11/27,1024,1031,1002,1002,113
2012/11/28,1018,1038,1002,1036,912
2012/11/29,1039,1052,1039,1051,126
2012/11/30,1045,1061,1045,1046,340
2012/12/01,1063,1063,1059,1059,37
2012/12/02,1054,1059,1054,1059,6
2012/12/03,1049,1064,1049,1052,114
2012/12/04,1053,1084,1053,1084,200
2012/12/05,1072,1124,1055,1124,221
2012/12/06,1112,1148,1100,1113,142
2012/12/07,1104,1121,1096,1121,8
2012/12/09,1099,1107,1099,1107,175
2012/12/10,1089,1134,1089,1134,1375
2012/12/11,1134,1137,1128,1137,410
2012/12/12,1150,1156,1130,1152,359
2012/12/13,1132,1168,1132,1163,284
2012/12/14,1162,1181,1111,1111,52
2012/12/15,1155,1163,1126,1126,15
2012/12/16,1155,1155,1127,1150,24
2012/12/17,1149,1154,1095,1147,287
2012/12/18,1148,1148,1133,1135,149
2012/12/19,1143,1151,1107,1147,316
2012/12/20,1169,1180,1130,1178,274
2012/12/21,1163,1174,1132,1165,883
2012/12/22,1122,1160,1122,1160,18
2012/12/23,1112,1145,1098,1145,53
2012/12/24,1155,1158,1155,1158,69
2012/12/26,1158,1158,1150,1150,31
2012/12/27,1149,1165,1115,1115,429
2012/12/28,1164,1182,1131,1178,265
2012/12/29,1178,1197,1178,1197,35
2012/12/30,1169,1169,1169,1169,17
2012/12/31,1181,1181,1171,1171,6
2013/01/01,1170,1174,1142,1172,16
2013/01/02,1174,1174,1174,1174,0
2013/01/03,1178,1190,1178,1189,14
2013/01/04,1174,1198,1174,1191,693
2013/01/05,1179,1202,1179,1202,144
2013/01/06,1210,1210,1210,1210,44
2013/01/07,1219,1219,1171,1171,5
2013/01/08,1211,1242,1184,1242,334
2013/01/09,1227,1241,1198,1241,578
2013/01/10,1245,1258,1245,1258,59
2013/01/11,1276,1280,1267,1275,129
2013/01/12,1298,1303,1245,1299,99
2013/01/13,1291,1300,1291,1296,55
2013/01/14,1294,1300,1294,1300,0
2013/01/15,1300,1305,1282,1295,103
2013/01/16,1281,1322,1281,1322,1065
2013/01/17,1324,1388,1324,1333,884
2013/01/18,1400,1454,1373,1435,350
2013/01/19,1392,1434,1392,1434,205
2013/01/20,1436,1437,1430,1437,35
2013/01/21,1438,1554,1438,1535,289
2013/01/22,1530,1602,1527,1602,601
2013/01/23,1587,1591,1537,1583,763
2013/01/24,1611,1699,1425,1460,532
2013/01/25,1528,1630,1414,1600,1162
2013/01/26,1609,1609,1516,1587,59
2013/01/27,1630,1630,1582,1582,121
2013/01/28,1658,1741,1658,1741,45
2013/01/29,1734,1826,1714,1734,4469
2013/01/30,1802,1816,1776,1816,509
2013/01/31,1831,1940,1831,1940,576
2013/02/01,1899,1939,1881,1909,32
2013/02/02,1885,1907,1716,1716,33
2013/02/03,1837,1882,1837,1850,4
2013/02/04,1907,1974,1850,1850,1772
2013/02/05,1949,1962,1918,1961,735
2013/02/06,1947,2034,1947,2033,593
2013/02/07,2024,2080,2013,2080,1001
2013/02/08,2056,2184,2056,2147,417
2013/02/09,2149,2212,2093,2212,128
2013/02/10,2217,2227,2101,2209,97
2013/02/11,2197,2279,2196,2279,99
2013/02/12,2223,2442,2223,2418,2562
2013/02/13,2405,2509,2400,2400,2892
2013/02/14,2287,2504,1980,2504,579
2013/02/15,2470,2588,2460,2580,318
2013/02/16,2575,2598,2564,2569,78
2013/02/17,2569,2601,2400,2400,207
2013/02/18,2545,2569,2433,2553,993
2013/02/19,2573,2800,2482,2800,2325
2013/02/20,2776,2856,2664,2821,1974
2013/02/21,2858,2858,2750,2853,531
2013/02/22,2802,2989,2791,2890,841
2013/02/23,2850,2855,2650,2713,385
2013/02/24,2800,2858,2800,2858,5
2013/02/25,2849,2900,2781,2854,864
2013/02/26,2863,3038,2850,3030,469
2013/02/27,2938,2956,2875,2900,622
2013/02/28,3000,3157,2908,3080,2119
2013/03/01,3132,3260,3080,3235,3292
2013/03/02,3201,3222,3100,3128,452
2013/03/03,3128,3224,3107,3147,417
2013/03/04,3224,3441,3220,3431,854
2013/03/05,3495,3864,3495,3856,490
2013/03/06,3917,4560,3917,4000,7860
2013/03/07,3700,4274,3165,3885,3557
2013/03/08,4024,4220,3903,4106,332
2013/03/09,4214,4570,4214,4508,279
2013/03/10,4550,4601,4375,4375,32
2013/03/11,4488,4736,4420,4736,2094
2013/03/12,4736,4736,3700,4291,2766
2013/03/13,4369,4631,4304,4631,674
2013/03/14,4579,4718,4457,4597,1675
2013/03/15,4642,4679,4558,4636,260
2013/03/16,4581,4597,4541,4597,11
2013/03/17,4600,4610,4600,4600,4
2013/03/18,4590,5084,4590,5084,582
2013/03/19,4857,5718,4796,5718,885
2013/03/20,5817,6397,5600,6140,276
2013/03/21,6267,7037,6140,6954,1403
2013/03/22,6950,7194,6421,6822,1777
2013/03/23,6796,6808,5500,5906,567
2013/03/24,6089,6951,6089,6951,11
2013/03/25,6700,7512,6535,7200,2030
2013/03/26,7036,7740,6988,7622,2422
2013/03/27,7600,8578,7420,8578,1774
2013/03/28,8475,9174,7388,8462,2547
2013/03/29,8256,8950,7770,8308,1273
2013/03/30,8593,8829,8234,8822,252
2013/03/31,8829,8952,8729,8811,121
2013/04/01,8940,9800,8900,9800,2377
2013/04/02,10000,11195,9437,11195,4066
2013/04/03,11000,14036,10500,12288,3772
2013/04/04,12688,13497,11200,12731,2743
2013/04/05,12748,13800,12140,13665,1958
2013/04/06,13600,14125,13300,14000,880
2013/04/07,14000,16050,14000,15356,450
2013/04/08,16001,18704,15857,17880,4626
2013/04/09,18491,23861,18351,23457,2917
2013/04/10,22754,26378,10605,16115,3224
2013/04/11,16273,19167,11285,11672,2977
2013/04/12,13244,13743,5405,11500,8441
2013/04/13,11500,13123,8715,9766,1259
2013/04/14,9268,10692,8451,8451,1079
2013/04/15,9130,10292,7104,8045,3027
2013/04/16,8165,8165,4768,6902,9108
2013/04/17,6812,9500,6414,9411,3631
2013/04/18,9300,10800,8620,10740,3128
2013/04/19,10500,13395,10372,12000,2508
2013/04/20,12000,13000,11434,12564,184
2013/04/21,12493,13128,11000,11866,844
2013/04/22,12400,12500,11837,12300,335
2013/04/23,12394,14400,12300,14000,1977
2013/04/24,14100,16200,14000,15491,2615
2013/04/25,15198,16344,12120,14361,2970
2013/04/26,14419,14419,12120,13950,2414
2013/04/27,13860,13938,12400,12898,160
2013/04/28,13205,13640,12819,13610,193
2013/04/29,13251,14500,12951,14305,303
2013/04/30,13900,14607,13358,13800,461
2013/05/01,13860,13920,10500,11348,1535
2013/05/02,11317,12400,9000,10000,1124
2013/05/03,10526,10526,7881,9500,1174
2013/05/04,9200,11413,9200,11202,548
2013/05/05,11200,11800,10600,11151,417
2013/05/06,11500,12000,10500,10799,406
2013/05/07,10799,11403,9900,11185,829
2013/05/08,11057,11619,10800,11311,181
2013/05/09,11000,11429,10645,11395,364
2013/05/10,11382,12107,11000,11818,740
2013/05/11,11899,12171,11560,12044,63
2013/05/12,11984,12076,11501,11860,39
2013/05/13,11811,12165,11438,12109,815
2013/05/14,11658,12320,11300,11300,857
2013/05/15,11300,12083,10432,11678,750
2013/05/16,11907,12000,11376,12000,686
2013/05/17,11802,12639,11800,12234,406
2013/05/18,12596,12784,12275,12347,108
2013/05/19,12599,12783,12247,12662,128
2013/05/20,12677,12830,12007,12641,1286
2013/05/21,12238,12772,12150,12599,526
2013/05/22,12331,12818,12242,12670,677
2013/05/23,12670,12900,12553,12900,371
2013/05/24,12897,13420,12502,13300,780
2013/05/25,13200,13498,12997,13498,127
2013/05/26,13102,13500,12945,13300,343
2013/05/27,13260,13900,12471,13413,1127
2013/05/28,12943,13428,12548,13292,784
2013/05/29,12960,13602,12796,13137,345
2013/05/30,13137,13550,13000,13343,203
2013/05/31,13200,13494,12785,13468,254
2013/06/01,13000,13273,12820,12820,129
2013/06/02,13100,13100,11504,12565,776
2013/06/03,12591,12591,11609,11927,800
2013/06/04,12000,12674,11831,12000,2348
2013/06/05,12430,12500,11810,12416,796
2013/06/06,12000,12586,12000,12000,1179
2013/06/07,11983,12084,10750,11098,1712
2013/06/08,10990,11098,10459,10683,329
2013/06/09,10555,10555,8570,9900,788
2013/06/10,9500,10760,9300,10459,1126
2013/06/11,10782,11000,10234,10500,239
2013/06/12,10500,10999,10371,10600,436
2013/06/13,10700,10895,9613,9613,517
2013/06/14,10030,10030,9200,9697,771
2013/06/15,9500,9961,9302,9747,74
2013/06/16,9699,9788,9230,9688,217
2013/06/17,9671,9920,9264,9680,278
2013/06/18,9680,10500,9502,10289,321
2013/06/19,10004,10500,10004,10300,46
2013/06/20,10300,10855,10275,10550,422
2013/06/21,10850,11090,10442,10900,227
2013/06/22,10650,10814,10243,10662,181
2013/06/23,10662,10700,10247,10608,55
2013/06/24,10655,10756,9677,9980,413
2013/06/25,10000,10701,9849,9903,342
2013/06/26,10344,10500,9866,9866,672
2013/06/27,10286,10360,9748,10045,315
2013/06/28,9947,9950,9000,9000,326
2013/06/29,9529,9799,9200,9353,134
2013/06/30,9650,9700,9222,9354,129
2013/07/01,9700,9710,8708,8840,322
2013/07/02,8760,9325,8615,9194,686
2013/07/03,9194,9200,7604,7800,1637
2013/07/04,7990,8454,7081,8177,611
2013/07/05,7981,8102,6700,7071,593
2013/07/06,6999,7480,6673,7165,323
2013/07/07,6900,7557,6795,7557,223
2013/07/08,7766,8142,7500,7549,356
2013/07/09,7562,8000,7500,8000,336
2013/07/10,7900,8813,7655,8813,359
2013/07/11,8642,9082,8518,9008,505
2013/07/12,8931,10414,8900,9493,2102
2013/07/13,9100,9629,8930,9377,200
2013/07/14,9483,9744,9300,9635,74
2013/07/15,9535,10101,9327,9554,309
2013/07/16,9700,10180,9406,9873,5334
2013/07/17,9736,10134,9481,9976,3409
2013/07/18,9993,9993,8708,9293,597
2013/07/19,9324,9324,8780,9216,148
2013/07/20,9026,9497,8992,9018,24
2013/07/21,8952,9200,8854,9200,189
2013/07/22,9200,9461,8864,8967,2100
2013/07/23,9350,9717,8982,9500,2897
2013/07/24,9695,9695,9130,9484,1764
2013/07/25,9485,9799,9239,9750,1578
2013/07/26,9700,9800,9351,9361,1936
2013/07/27,9351,9355,9100,9349,70
2013/07/28,9147,9650,9101,9627,552
2013/07/29,9699,9900,9498,9671,950
2013/07/30,9865,10332,9599,10300,2718
2013/07/31,10301,10949,10082,10277,2493
2013/08/01,10291,10588,10072,10099,743
2013/08/02,10101,10600,9946,10422,684
2013/08/03,10398,10433,10080,10349,122
2013/08/04,10399,10450,10118,10238,149
2013/08/05,10230,11026,10225,10559,4517
2013/08/06,10559,10600,10199,10508,1438
2013/08/07,10357,10669,10078,10371,623
2013/08/08,10371,10448,9990,10036,312
2013/08/09,10049,10091,9642,9900,2154
2013/08/10,9900,10010,9763,9763,152
2013/08/11,9791,10010,9682,10000,178
2013/08/12,10000,10250,9876,10250,264
2013/08/13,10067,10350,9878,10350,1588
2013/08/14,10400,11150,10333,10764,3294
2013/08/15,10798,11050,10550,10565,679
2013/08/16,10536,10690,10435,10650,706
2013/08/17,10619,10800,10366,10717,279
2013/08/18,10800,11196,10656,10746,530
2013/08/19,10709,11809,10634,11400,3112
2013/08/20,11400,11990,11297,11583,1998
2013/08/21,11700,11900,11393,11900,1726
2013/08/22,11717,11900,11588,11800,303
2013/08/23,11695,11900,11444,11473,411
2013/08/24,11651,11799,11428,11650,274
2013/08/25,11724,11900,11586,11806,462
2013/08/26,11741,11950,11602,11935,1643
2013/08/27,11931,12766,11543,12670,3814
2013/08/28,12500,12682,12180,12309,1483
2013/08/29,12478,12701,12225,12500,1670
2013/08/30,12500,13516,12324,13400,2302
2013/08/31,13432,14280,13195,13776,745
2013/09/01,13775,14330,13753,13945,380
2013/09/02,14000,14605,13619,13800,2723
2013/09/03,14069,14780,13892,14200,2081
2013/09/04,14299,14526,12999,12999,736
2013/09/05,12871,13505,12404,13039,1460
2013/09/06,13001,13200,12075,12075,1318
2013/09/07,12078,12702,12002,12541,676
2013/09/08,12541,12789,12355,12399,222
2013/09/09,12399,13300,12121,13198,1331
2013/09/10,13036,13680,12884,13000,974
2013/09/11,13000,14300,12743,13896,1265
2013/09/12,13942,14300,13500,13511,1852
2013/09/13,13527,14527,13459,13940,3626
2013/09/14,13668,13953,13285,13286,332
2013/09/15,13286,13732,13133,13713,395
2013/09/16,13763,13845,13411,13605,1623
2013/09/17,13600,13650,13310,13421,1810
2013/09/18,13462,13800,13448,13476,1411
2013/09/19,13502,13777,12960,13378,5783
2013/09/20,13170,13500,12845,13039,2343
2013/09/21,12999,13250,12964,12964,556
2013/09/22,13242,13300,12796,13270,2390
2013/09/23,13083,13442,12872,12960,375
2013/09/24,13010,13311,12814,13180,545
2013/09/25,13180,13400,12966,13223,2587
2013/09/26,12994,13400,12966,13365,582
2013/09/27,13380,13754,13000,13600,7017
2013/09/28,13397,13699,13336,13699,603
2013/09/29,13700,14090,13700,13834,984
2013/09/30,13801,14114,13267,13630,3944
2013/10/01,13646,13900,13283,13356,1768
2013/10/02,13423,13599,10499,12053,10308
2013/10/03,12128,12800,11766,12327,1006
2013/10/04,12500,13438,12245,13333,1692
2013/10/05,13025,13299,12897,13050,623
2013/10/06,13050,13250,12744,12983,1048
2013/10/07,13201,13250,12804,12870,2596
2013/10/08,12869,13248,12852,12852,1409
2013/10/09,13020,13588,12895,13134,4251
2013/10/10,13190,13588,13153,13334,1902
2013/10/11,13334,13580,13247,13370,1516
2013/10/12,13439,13750,13371,13700,2374
2013/10/13,13602,14139,13602,14139,2011
2013/10/14,14151,14955,14008,14449,1203
2013/10/15,14698,15400,14440,15043,1279
2013/10/16,15149,15700,14661,14827,1869
2013/10/17,14571,15460,14509,15123,1716
2013/10/18,15123,16043,14935,16043,2680
2013/10/19,16049,18940,15972,17357,2412
2013/10/20,17829,18000,17356,17576,163
2013/10/21,17918,19000,17467,18587,1254
2013/10/22,18586,19999,18586,19500,534
2013/10/23,19901,22222,19267,22222,2927
2013/10/24,22222,22786,17000,19800,4552
2013/10/25,19573,19782,17187,19447,1073
2013/10/26,19315,19447,17865,18499,270
2013/10/27,18570,19849,18259,19849,442
2013/10/28,20000,20499,19204,20058,711
2013/10/29,19737,20788,19723,20788,836
2013/10/30,20787,21000,20081,20323,2056
2013/10/31,20500,21000,19938,20254,652
2013/11/01,20316,20934,20172,20460,205
2013/11/02,20402,20840,20300,20445,67
2013/11/03,20450,21752,20364,21752,404
2013/11/04,21501,22946,21314,22946,639
2013/11/05,22840,25000,22502,24217,1896
2013/11/06,24400,26881,24321,26000,687
2013/11/07,26559,31450,25417,30025,2858
2013/11/08,30098,35000,29784,33995,2122
2013/11/09,34408,38717,32974,36685,1985
2013/11/10,35605,36000,28477,33780,621
2013/11/11,33800,35945,31079,34618,1089
2013/11/12,34956,38867,34956,37077,1195
2013/11/13,37077,44500,37077,43772,1343
2013/11/14,43156,44804,39022,43574,7473
2013/11/15,43576,45999,41247,43797,3080
2013/11/16,43456,47805,42366,46542,1802
2013/11/17,46243,54472,45700,53660,2072
2013/11/18,52750,79800,51494,79770,5233
2013/11/19,77422,89000,51000,65602,3175
2013/11/20,64200,65596,45533,60334,3299
2013/11/21,63000,77337,58626,74518,3340
2013/11/22,77500,80000,68909,79000,2465
2013/11/23,81000,90000,79739,82503,834
2013/11/24,85620,86795,74707,79500,916
2013/11/25,80000,85915,78000,82705,1641
2013/11/26,84000,99020,82047,98749,2649
2013/11/27,99000,109663,93012,106820,1173
2013/11/28,107606,124508,104797,115000,2266
2013/11/29,114000,127285,109658,121000,1772
2013/11/30,121000,125000,119100,121521,353
2013/12/01,123000,124500,86600,101304,1436
2013/12/02,103989,114996,100019,110000,544
2013/12/03,112300,119531,106920,115400,1024
2013/12/04,117000,124020,114000,123100,1233
2013/12/05,123120,127800,90331,110000,2128
2013/12/06,110000,116317,82561,86555,1042
2013/12/07,85000,91200,57999,70000,2128
2013/12/08,70000,84800,67976,84800,627
2013/12/09,83000,98000,80000,94000,1582
2013/12/10,94500,108646,92382,108646,1270
2013/12/11,107800,107800,90002,95600,681
2013/12/12,95600,96983,84094,89400,3062
2013/12/13,92300,101000,90230,95000,589
2013/12/14,96000,96500,91000,91090,214
2013/12/15,94497,94996,86138,91896,374
2013/12/16,92081,95140,72326,77000,1394
2013/12/17,79722,80000,69326,72001,1317
2013/12/18,73000,74783,46016,57536,3667
2013/12/19,57332,75316,54500,75316,2404
2013/12/20,75316,79036,65000,70127,1440
2013/12/21,69385,73836,63612,66150,828
2013/12/22,66170,71576,64000,65000,214
2013/12/23,65000,74000,65000,74000,556
2013/12/24,73750,75000,69454,70800,368
2013/12/25,70861,72800,68589,72800,601
2013/12/26,72800,84999,72800,84000,952
2013/12/27,84000,86016,78776,82500,672
2013/12/28,81368,82923,75718,80800,423
2013/12/29,80500,82721,78000,80381,222
2013/12/30,80886,85987,80196,83499,1106
2013/12/31,83499,84498,80000,83745,357
2014/01/01,83745,87102,79139,85000,5168
2014/01/02,85055,91247,83541,87547,1081
2014/01/03,91000,92770,87000,92116,1068
2014/01/04,90307,95500,87438,94091,590
2014/01/05,94193,105000,93054,102970,2404
2014/01/06,103901,114116,100000,104997,746
2014/01/07,105000,108100,91407,94065,532
2014/01/08,91300,98996,88869,94431,552
2014/01/09,96444,101975,90599,95102,648
2014/01/10,94997,98500,93124,97900,416
2014/01/11,97825,104787,96581,104200,275
2014/01/12,104200,105000,97500,99000,124
2014/01/13,98911,100310,92500,97969,210
2014/01/14,97969,98824,92708,93714,348
2014/01/15,96000,99000,93639,97300,416
2014/01/16,97300,97999,93500,94500,406
2014/01/17,94500,96400,90239,94500,765
2014/01/18,94474,94899,92000,93001,151
2014/01/19,93001,97500,91862,97406,538
2014/01/20,97820,100000,95299,97360,517
2014/01/21,97360,99692,96898,98800,293
2014/01/22,98800,100000,96000,97068,529
2014/01/23,97116,99460,96500,96501,182
2014/01/24,97998,98639,92888,94500,591
2014/01/25,95000,99760,94000,98000,660
2014/01/26,100500,106000,96074,100720,608
2014/01/27,100438,103000,95000,95000,856
2014/01/28,95000,99866,95000,96995,296
2014/01/29,96966,98623,93003,93082,602
2014/01/30,94729,97000,92437,96444,602
2014/01/31,94669,97100,92664,94026,289
2014/02/01,95210,97900,92833,97500,701
2014/02/02,97456,98000,95001,95001,501
2014/02/03,95001,97600,95001,95002,254
2014/02/04,96511,96511,92000,92342,347
2014/02/05,92500,95000,91614,93000,161
2014/02/06,93000,93000,83000,85907,541
2014/02/07,85404,86249,67981,71000,2326
2014/02/08,71000,74500,65867,67000,706
2014/02/09,67025,72314,65000,69541,1302
2014/02/10,69515,73041,51713,60000,2551
2014/02/11,60000,62485,56477,60576,466
2014/02/12,60070,60594,52611,55750,703
2014/02/13,56500,56766,46368,48343,1799
2014/02/14,47000,51206,32000,44500,2604
2014/02/15,44286,46414,32100,38362,2670
2014/02/16,38500,53000,22697,31498,3705
2014/02/17,31262,41825,27500,28500,7470
2014/02/18,29205,37757,25928,30291,6204
2014/02/19,30429,31500,27000,27500,3205
2014/02/20,27500,28369,11134,11500,6041
2014/02/21,11660,16427,9400,11672,6223
2014/02/22,11708,29032,10111,27000,3567
2014/02/23,26000,35195,22508,33092,1694
2014/02/24,32921,33205,13570,18280,13715
2014/02/25,54653,54653,54653,54653,0
2014/02/26,59071,59071,59071,59071,0
2014/02/27,58881,58881,58881,58881,0
2014/02/28,55388,55388,55388,55388,0
2014/03/01,57405,57405,57405,57405,0
2014/03/02,57056,57056,57056,57056,0
2014/03/03,67058,67058,67058,67058,0
2014/03/04,67813,67813,67813,67813,0
2014/03/05,67687,67687,67687,67687,0
2014/03/06,67882,67882,67882,67882,0
2014/03/07,64629,64629,64629,64629,0
2014/03/08,63536,63536,63536,63536,0
2014/03/09,65389,65389,65389,65389,0
2014/03/10,64623,64623,64623,64623,0
2014/03/11,64776,64776,64776,64776,0
2014/03/12,64869,64869,64869,64869,0
2014/03/13,64946,64946,64946,64946,0
2014/03/14,63492,63492,63492,63492,0
2014/03/15,64197,64197,64197,64197,0
2014/03/16,63898,63898,63898,63898,0
2014/03/17,63191,63191,63191,63191,0
2014/03/18,62235,62235,62235,62235,0
2014/03/19,62300,62300,62300,62300,0
2014/03/20,60049,60049,60049,60049,0
2014/03/21,58310,58310,58310,58310,0
2014/03/22,57661,57661,57661,57661,0
2014/03/23,57348,57348,57348,57348,0
2014/03/24,59929,59929,59929,59929,0
2014/03/25,59532,59532,59532,59532,0
2014/03/26,59077,59077,59077,59077,0
2014/03/27,48844,48844,48844,48844,0
2014/03/28,51676,51676,51676,51676,0
2014/03/29,50724,50724,50724,50724,0
2014/03/30,47503,47503,47503,47503,0
2014/03/31,47312,47312,47312,47312,0
2014/04/01,49614,49614,49614,49614,0
2014/04/02,45440,45440,45440,45440,0
2014/04/03,46461,46461,46461,46461,0
2014/04/04,46333,46333,46333,46333,0
2014/04/05,47979,47979,47979,47979,0
2014/04/06,47554,47554,47554,47554,0
2014/04/07,45996,45996,45996,45996,0
2014/04/08,45839,45839,45839,45839,0
2014/04/09,44887,44887,44887,44887,0
2014/04/10,36629,36629,36629,36629,0
2014/04/11,42703,42703,42703,42703,0
2014/04/12,42764,42764,42764,42764,0
2014/04/13,42184,42184,42184,42184,0
2014/04/14,46592,46592,46592,46592,0
2014/04/15,53001,53001,53001,53001,0
2014/04/16,54091,54091,54091,54091,0
2014/04/17,50612,50612,50612,50612,0
2014/04/18,48976,48976,48976,48976,0
2014/04/19,51364,51364,51364,51364,0
2014/04/20,50930,50930,50930,50930,0
2014/04/21,50581,50581,50581,50581,0
2014/04/22,49702,49702,49702,49702,0
2014/04/23,49910,49910,49910,49910,0
2014/04/24,51181,51181,51181,51181,0
2014/04/25,46940,46940,46940,46940,0
2014/04/26,46586,46586,46586,46586,0
2014/04/27,43881,43881,43881,43881,0
2014/04/28,44790,44790,44790,44790,0
2014/04/29,45589,45589,45589,45589,0
2014/04/30,45567,45567,45567,45567,0
2014/05/01,46676,46676,46676,46676,0
2014/05/02,45638,45638,45638,45638,0
2014/05/03,44646,44646,44646,44646,0
2014/05/04,44353,44353,44353,44353,0
2014/05/05,43883,43883,43883,43883,0
2014/05/06,43408,43408,43408,43408,0
2014/05/07,44513,44513,44513,44513,0
2014/05/08,44235,44235,44235,44235,0
2014/05/09,45630,45630,45630,45630,0
2014/05/10,46086,46086,46086,46086,0
2014/05/11,44440,44440,44440,44440,0
2014/05/12,44768,44768,44768,44768,0
2014/05/13,44721,44721,44721,44721,0
2014/05/14,44997,44997,44997,44997,0
2014/05/15,45125,45125,45125,45125,0
2014/05/16,45182,45182,45182,45182,0
2014/05/17,45319,45319,45319,45319,0
2014/05/18,45161,45161,45161,45161,0
2014/05/19,45089,45089,45089,45089,0
2014/05/20,49215,49215,49215,49215,0
2014/05/21,49577,49577,49577,49577,0
2014/05/22,53505,53505,53505,53505,0
2014/05/23,52906,52906,52906,52906,0
2014/05/24,53578,53578,53578,53578,0
2014/05/25,58110,58110,58110,58110,0
2014/05/26,59294,59294,59294,59294,0
2014/05/27,58074,58074,58074,58074,0
2014/05/28,58491,58491,58491,58491,0
2014/05/29,57540,57540,57540,57540,0
2014/05/30,62738,62738,62738,62738,0
2014/05/31,63429,63429,63429,63429,0
2014/06/01,64016,64016,64016,64016,0
2014/06/02,67433,67433,67433,67433,0
2014/06/03,68231,68231,68231,68231,0
2014/06/04,65410,65410,65410,65410,0
2014/06/05,67174,67174,67174,67174,0
2014/06/06,66183,66183,66183,66183,0
2014/06/07,66916,66916,66916,66916,0
2014/06/08,67011,67011,67011,67011,0
2014/06/09,66154,66154,66154,66154,0
2014/06/10,66495,66495,66495,66495,0
2014/06/11,64072,64072,64072,64072,0
2014/06/12,59169,59169,59169,59169,0
2014/06/13,60932,60932,60932,60932,0
2014/06/14,58307,58307,58307,58307,0
2014/06/15,60375,60375,60375,60375,0
2014/06/16,59876,59876,59876,59876,0
2014/06/17,62022,62022,62022,62022,0
2014/06/18,61649,61649,61649,61649,0
2014/06/19,60364,60364,60364,60364,0
2014/06/20,60065,60065,60065,60065,0
2014/06/21,60321,60321,60321,60321,0
2014/06/22,61121,61121,61121,61121,0
2014/06/23,59880,59880,59880,59880,0
2014/06/24,58628,58628,58628,58628,0
2014/06/25,57247,57247,57247,57247,0
2014/06/26,58923,58923,58923,58923,0
2014/06/27,60952,60952,60952,60952,0
2014/06/28,60052,60052,60052,60052,0
2014/06/29,60722,60722,60722,60722,0
2014/06/30,64774,64774,64774,64774,0
2014/07/01,64519,64519,64519,64519,0
2014/07/02,65873,65873,65873,65873,0
2014/07/03,65465,65465,65465,65465,0
2014/07/04,63975,63975,63975,63975,0
2014/07/05,64115,64115,64115,64115,0
2014/07/06,64459,64459,64459,64459,0
2014/07/07,62942,62942,62942,62942,0
2014/07/08,62983,62983,62983,62983,0
2014/07/09,63066,63066,63066,63066,0
2014/07/10,62329,62329,62329,62329,0
2014/07/11,63945,63945,63945,63945,0
2014/07/12,64279,64279,64279,64279,0
2014/07/13,63580,63580,63580,63580,0
2014/07/14,62784,62784,62784,62784,0
2014/07/15,62958,62958,62958,62958,0
2014/07/16,62548,62548,62548,62548,0
2014/07/17,62991,62991,62991,62991,0
2014/07/18,63670,63670,63670,63670,0
2014/07/19,63425,63425,63425,63425,0
2014/07/20,62976,62976,62976,62976,0
2014/07/21,62844,62844,62844,62844,0
2014/07/22,62772,62772,62772,62772,0
2014/07/23,62701,62701,62701,62701,0
2014/07/24,61069,61069,61069,61069,0
2014/07/25,61085,61085,61085,61085,0
2014/07/26,60466,60466,60466,60466,0
2014/07/27,60170,60170,60170,60170,0
2014/07/28,59545,59545,59545,59545,0
2014/07/29,59443,59443,59443,59443,0
2014/07/30,58000,58000,58000,58000,0
2014/07/31,59751,59751,59751,59751,0
2014/08/01,61020,61020,61020,61020,0
2014/08/02,60220,60220,60220,60220,0
2014/08/03,60038,60038,60038,60038,0
2014/08/04,60179,60179,60179,60179,0
2014/08/05,59816,59816,59816,59816,0
2014/08/06,59522,59522,59522,59522,0
2014/08/07,59956,59956,59956,59956,0
2014/08/08,60258,60258,60258,60258,0
2014/08/09,60009,60009,60009,60009,0
2014/08/10,60147,60147,60147,60147,0
2014/08/11,58575,58575,58575,58575,0
2014/08/12,58088,58088,58088,58088,0
2014/08/13,55758,55758,55758,55758,0
2014/08/14,52091,52091,52091,52091,0
2014/08/15,50814,50814,50814,50814,0
2014/08/16,53189,53189,53189,53189,0
2014/08/17,50439,50439,50439,50439,0
2014/08/18,47242,47242,47242,47242,0
2014/08/19,50075,50075,50075,50075,0
2014/08/20,53112,53112,53112,53112,0
2014/08/21,53593,53593,53593,53593,0
2014/08/22,53378,53378,53378,53378,0
2014/08/23,51641,51641,51641,51641,0
2014/08/24,52820,52820,52820,52820,0
2014/08/25,52185,52185,52185,52185,0
2014/08/26,53421,53421,53421,53421,0
2014/08/27,53013,53013,53013,53013,0
2014/08/28,52583,52583,52583,52583,0
2014/08/29,52912,52912,52912,52912,0
2014/08/30,52160,52160,52160,52160,0
2014/08/31,49753,49753,49753,49753,0
2014/09/01,49457,49457,49457,49457,0
2014/09/02,49932,49932,49932,49932,0
2014/09/03,49722,49722,49722,49722,0
2014/09/04,51462,51462,51462,51462,0
2014/09/05,50472,50472,50472,50472,0
2014/09/06,50654,50654,50654,50654,0
2014/09/07,50365,50365,50365,50365,0
2014/09/08,50052,50052,50052,50052,0
2014/09/09,50070,50070,50070,50070,0
2014/09/10,51019,51019,51019,51019,0
2014/09/11,51006,51006,51006,51006,0
2014/09/12,50865,50865,50865,50865,0
2014/09/13,51215,51215,51215,51215,0
2014/09/14,50961,50961,50961,50961,0
2014/09/15,50516,50516,50516,50516,0
2014/09/16,49676,49676,49676,49676,0
2014/09/17,49281,49281,49281,49281,0
2014/09/18,45800,45800,45800,45800,0
2014/09/19,42710,42710,42710,42710,0
2014/09/20,44332,44332,44332,44332,0
2014/09/21,43214,43214,43214,43214,0
2014/09/22,43399,43399,43399,43399,0
2014/09/23,47391,47391,47391,47391,0
2014/09/24,46039,46039,46039,46039,0
2014/09/25,44440,44440,44440,44440,0
2014/09/26,43922,43922,43922,43922,0
2014/09/27,43532,43532,43532,43532,0
2014/09/28,41111,41111,41111,41111,0
2014/09/29,41018,41018,41018,41018,0
2014/09/30,42351,42351,42351,42351,0
2014/10/01,41519,41519,41519,41519,0
2014/10/02,40323,40323,40323,40323,0
2014/10/03,39129,39129,39129,39129,0
2014/10/04,35720,35720,35720,35720,0
2014/10/05,35077,35077,35077,35077,0
2014/10/06,35727,35727,35727,35727,0
2014/10/07,36085,36085,36085,36085,0
2014/10/08,38133,38133,38133,38133,0
2014/10/09,39222,39222,39222,39222,0
2014/10/10,38616,38616,38616,38616,0
2014/10/11,38672,38672,38672,38672,0
2014/10/12,40501,40501,40501,40501,0
2014/10/13,41502,41502,41502,41502,0
2014/10/14,42674,42674,42674,42674,0
2014/10/15,41492,41492,41492,41492,0
2014/10/16,40406,40406,40406,40406,0
2014/10/17,40667,40667,40667,40667,0
2014/10/18,41580,41580,41580,41580,0
2014/10/19,41326,41326,41326,41326,0
2014/10/20,40559,40559,40559,40559,0
2014/10/21,40907,40907,40907,40907,0
2014/10/22,40616,40616,40616,40616,0
2014/10/23,38518,38518,38518,38518,0
2014/10/24,38394,38394,38394,38394,0
2014/10/25,37415,37415,37415,37415,0
2014/10/26,38002,38002,38002,38002,0
2014/10/27,37604,37604,37604,37604,0
2014/10/28,38051,38051,38051,38051,0
2014/10/29,36298,36298,36298,36298,0
2014/10/30,37534,37534,37534,37534,0
2014/10/31,37833,37833,37833,37833,0
2014/11/01,36551,36551,36551,36551,0
2014/11/02,36366,36366,36366,36366,0
2014/11/03,36969,36969,36969,36969,0
2014/11/04,37290,37290,37290,37290,0
2014/11/05,38653,38653,38653,38653,0
2014/11/06,40103,40103,40103,40103,0
2014/11/07,39077,39077,39077,39077,0
2014/11/08,39416,39416,39416,39416,0
2014/11/09,41624,41624,41624,41624,0
2014/11/10,41946,41946,41946,41946,0
2014/11/11,42487,42487,42487,42487,0
2014/11/12,49329,49329,49329,49329,0
2014/11/13,48281,48281,48281,48281,0
2014/11/14,46325,46325,46325,46325,0
2014/11/15,43616,43616,43616,43616,0
2014/11/16,45177,45177,45177,45177,0
2014/11/17,44980,44980,44980,44980,0
2014/11/18,43501,43501,43501,43501,0
2014/11/19,44495,44495,44495,44495,0
2014/11/20,42099,42099,42099,42099,0
2014/11/21,41078,41078,41078,41078,0
2014/11/22,41453,41453,41453,41453,0
2014/11/23,43187,43187,43187,43187,0
2014/11/24,44372,44372,44372,44372,0
2014/11/25,44316,44316,44316,44316,0
2014/11/26,43381,43381,43381,43381,0
2014/11/27,43448,43448,43448,43448,0
2014/11/28,44598,44598,44598,44598,0
2014/11/29,44524,44524,44524,44524,0
2014/11/30,44746,44746,44746,44746,0
2014/12/01,44820,44820,44820,44820,0
2014/12/02,45483,45483,45483,45483,0
2014/12/03,44914,44914,44914,44914,0
2014/12/04,44206,44206,44206,44206,0
2014/12/05,45643,45643,45643,45643,0
2014/12/06,45398,45398,45398,45398,0
2014/12/07,45427,45427,45427,45427,0
2014/12/08,43555,43555,43555,43555,0
2014/12/09,42043,42043,42043,42043,0
2014/12/10,40599,40599,40599,40599,0
2014/12/11,41180,41180,41180,41180,0
2014/12/12,41667,41667,41667,41667,0
2014/12/13,41255,41255,41255,41255,0
2014/12/14,41691,41691,41691,41691,0
2014/12/15,40652,40652,40652,40652,0
2014/12/16,37953,37953,37953,37953,0
2014/12/17,37866,37866,37866,37866,0
2014/12/18,36926,36926,36926,36926,0
2014/12/19,37870,37870,37870,37870,0
2014/12/20,39371,39371,39371,39371,0
2014/12/21,38137,38137,38137,38137,0
2014/12/22,39681,39681,39681,39681,0
2014/12/23,40309,40309,40309,40309,0
2014/12/24,38771,38771,38771,38771,0
2014/12/25,38275,38275,38275,38275,0
2014/12/26,39383,39383,39383,39383,0
2014/12/27,37940,37940,37940,37940,0
2014/12/28,38136,38136,38136,38136,0
2014/12/29,37690,37690,37690,37690,0
2014/12/30,37017,37017,37017,37017,0
2014/12/31,38312,38312,38312,38312,0
2015/01/01,37621,37621,37621,37621,0
2015/01/02,37886,37886,37886,37886,0
2015/01/03,33702,33702,33702,33702,0
2015/01/04,31749,31749,31749,31749,0
2015/01/05,32650,32650,32650,32650,0
2015/01/06,33804,33804,33804,33804,0
2015/01/07,35152,35152,35152,35152,0
2015/01/08,33888,33888,33888,33888,0
2015/01/09,34216,34216,34216,34216,0
2015/01/10,32466,32466,32466,32466,0
2015/01/11,31436,31436,31436,31436,0
2015/01/12,31612,31612,31612,31612,0
2015/01/13,26763,26763,26763,26763,0
2015/01/14,20798,20798,20798,20798,0
2015/01/15,24445,24445,24445,24445,0
2015/01/16,24353,24353,24353,24353,0
2015/01/17,23460,23460,23460,23460,0
2015/01/18,24671,24671,24671,24671,0
2015/01/19,25151,25151,25151,25151,0
2015/01/20,24997,24997,24997,24997,0
2015/01/21,26652,26652,26652,26652,0
2015/01/22,27561,27561,27561,27561,0
2015/01/23,27441,27441,27441,27441,0
2015/01/24,29210,29210,29210,29210,0
2015/01/25,29978,29978,29978,29978,0
2015/01/26,32207,32207,32207,32207,0
2015/01/27,30884,30884,30884,30884,0
2015/01/28,27409,27409,27409,27409,0
2015/01/29,27487,27487,27487,27487,0
2015/01/30,26610,26610,26610,26610,0
2015/01/31,25483,25483,25483,25483,0
2015/02/01,26597,26597,26597,26597,0
2015/02/02,27937,27937,27937,27937,0
2015/02/03,26676,26676,26676,26676,0
2015/02/04,26584,26584,26584,26584,0
2015/02/05,25473,25473,25473,25473,0
2015/02/06,26473,26473,26473,26473,0
2015/02/07,27050,27050,27050,27050,0
2015/02/08,26519,26519,26519,26519,0
2015/02/09,26115,26115,26115,26115,0
2015/02/10,26276,26276,26276,26276,0
2015/02/11,26429,26429,26429,26429,0
2015/02/12,26407,26407,26407,26407,0
2015/02/13,27990,27990,27990,27990,0
2015/02/14,30565,30565,30565,30565,0
2015/02/15,27817,27817,27817,27817,0
2015/02/16,27668,27668,27668,27668,0
2015/02/17,29044,29044,29044,29044,0
2015/02/18,28055,28055,28055,28055,0
2015/02/19,28524,28524,28524,28524,0
2015/02/20,29024,29024,29024,29024,0
2015/02/21,29081,29081,29081,29081,0
2015/02/22,28042,28042,28042,28042,0
2015/02/23,28282,28282,28282,28282,0
2015/02/24,28403,28403,28403,28403,0
2015/02/25,28197,28197,28197,28197,0
2015/02/26,28187,28187,28187,28187,0
2015/02/27,30208,30208,30208,30208,0
2015/02/28,30330,30330,30330,30330,0
2015/03/01,30953,30953,30953,30953,0
2015/03/02,32595,32595,32595,32595,0
2015/03/03,33690,33690,33690,33690,0
2015/03/04,32546,32546,32546,32546,0
2015/03/05,33014,33014,33014,33014,0
2015/03/06,32848,32848,32848,32848,0
2015/03/07,33292,33292,33292,33292,0
2015/03/08,33121,33121,33121,33121,0
2015/03/09,34948,34948,34948,34948,0
2015/03/10,35190,35190,35190,35190,0
2015/03/11,35926,35926,35926,35926,0
2015/03/12,35637,35637,35637,35637,0
2015/03/13,34509,34509,34509,34509,0
2015/03/14,34154,34154,34154,34154,0
2015/03/15,34638,34638,34638,34638,0
2015/03/16,35228,35228,35228,35228,0
2015/03/17,34521,34521,34521,34521,0
2015/03/18,30667,30667,30667,30667,0
2015/03/19,31366,31366,31366,31366,0
2015/03/20,31329,31329,31329,31329,0
2015/03/21,31183,31183,31183,31183,0
2015/03/22,32165,32165,32165,32165,0
2015/03/23,31831,31831,31831,31831,0
2015/03/24,29389,29389,29389,29389,0
2015/03/25,29406,29406,29406,29406,0
2015/03/26,29515,29515,29515,29515,0
2015/03/27,29383,29383,29383,29383,0
2015/03/28,30058,30058,30058,30058,0
2015/03/29,28839,28839,28839,28839,0
2015/03/30,29635,29635,29635,29635,0
2015/03/31,29231,29231,29231,29231,0
2015/04/01,29520,29520,29520,29520,0
2015/04/02,30193,30193,30193,30193,0
2015/04/03,30169,30169,30169,30169,0
2015/04/04,30119,30119,30119,30119,0
2015/04/05,30931,30931,30931,30931,0
2015/04/06,30412,30412,30412,30412,0
2015/04/07,30401,30401,30401,30401,0
2015/04/08,29350,29350,29350,29350,0
2015/04/09,29320,29320,29320,29320,0
2015/04/10,28271,28271,28271,28271,0
2015/04/11,28379,28379,28379,28379,0
2015/04/12,28321,28321,28321,28321,0
2015/04/13,26838,26838,26838,26838,0
2015/04/14,26058,26058,26058,26058,0
2015/04/15,26631,26631,26631,26631,0
2015/04/16,27138,27138,27138,27138,0
2015/04/17,26415,26415,26415,26415,0
2015/04/18,26487,26487,26487,26487,0
2015/04/19,26350,26350,26350,26350,0
2015/04/20,26740,26740,26740,26740,0
2015/04/21,28215,28215,28215,28215,0
2015/04/22,28045,28045,28045,28045,0
2015/04/23,28161,28161,28161,28161,0
2015/04/24,27438,27438,27438,27438,0
2015/04/25,26852,26852,26852,26852,0
2015/04/26,26015,26015,26015,26015,0
2015/04/27,27196,27196,27196,27196,0
2015/04/28,26822,26822,26822,26822,0
2015/04/29,26893,26893,26893,26893,0
2015/04/30,28237,28237,28237,28237,0
2015/05/01,27876,27876,27876,27876,0
2015/05/02,28210,28210,28210,28210,0
2015/05/03,28836,28836,28836,28836,0
2015/05/04,28679,28679,28679,28679,0
2015/05/05,28351,28351,28351,28351,0
2015/05/06,27477,27477,27477,27477,0
2015/05/07,28467,28467,28467,28467,0
2015/05/08,29142,29142,29142,29142,0
2015/05/09,28793,28793,28793,28793,0
2015/05/10,28691,28691,28691,28691,0
2015/05/11,29037,29037,29037,29037,0
2015/05/12,28880,28880,28880,28880,0
2015/05/13,28091,28091,28091,28091,0
2015/05/14,28210,28210,28210,28210,0
2015/05/15,28332,28332,28332,28332,0
2015/05/16,28143,28143,28143,28143,0
2015/05/17,28188,28188,28188,28188,0
2015/05/18,27935,27935,27935,27935,0
2015/05/19,27989,27989,27989,27989,0
2015/05/20,28412,28412,28412,28412,0
2015/05/21,28481,28481,28481,28481,0
2015/05/22,29225,29225,29225,29225,0
2015/05/23,29045,29045,29045,29045,0
2015/05/24,29307,29307,29307,29307,0
2015/05/25,28864,28864,28864,28864,0
2015/05/26,29215,29215,29215,29215,0
2015/05/27,29328,29328,29328,29328,0
2015/05/28,29430,29430,29430,29430,0
2015/05/29,29425,29425,29425,29425,0
2015/05/30,28952,28952,28952,28952,0
2015/05/31,28543,28543,28543,28543,0
2015/06/01,27864,27864,27864,27864,0
2015/06/02,28011,28011,28011,28011,0
2015/06/03,28027,28027,28027,28027,0
2015/06/04,27898,27898,27898,27898,0
2015/06/05,28253,28253,28253,28253,0
2015/06/06,28334,28334,28334,28334,0
2015/06/07,28047,28047,28047,28047,0
2015/06/08,28466,28466,28466,28466,0
2015/06/09,28513,28513,28513,28513,0
2015/06/10,28104,28104,28104,28104,0
2015/06/11,28384,28384,28384,28384,0
2015/06/12,28386,28386,28386,28386,0
2015/06/13,28701,28701,28701,28701,0
2015/06/14,28836,28836,28836,28836,0
2015/06/15,29277,29277,29277,29277,0
2015/06/16,30946,30946,30946,30946,0
2015/06/17,30750,30750,30750,30750,0
2015/06/18,30594,30594,30594,30594,0
2015/06/19,29871,29871,29871,29871,0
2015/06/20,30081,30081,30081,30081,0
2015/06/21,29928,29928,29928,29928,0
2015/06/22,30439,30439,30439,30439,0
2015/06/23,30235,30235,30235,30235,0
2015/06/24,29748,29748,29748,29748,0
2015/06/25,29966,29966,29966,29966,0
2015/06/26,30056,30056,30056,30056,0
2015/06/27,31055,31055,31055,31055,0
2015/06/28,30728,30728,30728,30728,0
2015/06/29,31430,31430,31430,31430,0
2015/06/30,32144,32144,32144,32144,0
2015/07/01,31728,31728,31728,31728,0
2015/07/02,31295,31295,31295,31295,0
2015/07/03,31367,31367,31367,31367,0
2015/07/04,31950,31950,31950,31950,0
2015/07/05,33259,33259,33259,33259,0
2015/07/06,32901,32901,32901,32901,0
2015/07/07,32468,32468,32468,32468,0
2015/07/08,32546,32546,32546,32546,0
2015/07/09,32511,32511,32511,32511,0
2015/07/10,34858,34858,34858,34858,0
2015/07/11,35816,35816,35816,35816,0
2015/07/12,38062,38062,38062,38062,0
2015/07/13,35895,35895,35895,35895,0
2015/07/14,35310,35310,35310,35310,0
2015/07/15,35129,35129,35129,35129,0
2015/07/16,34481,34481,34481,34481,0
2015/07/17,34544,34544,34544,34544,0
2015/07/18,34048,34048,34048,34048,0
2015/07/19,33800,33800,33800,33800,0
2015/07/20,34604,34604,34604,34604,0
2015/07/21,34082,34082,34082,34082,0
2015/07/22,34287,34287,34287,34287,0
2015/07/23,34142,34142,34142,34142,0
2015/07/24,35645,35645,35645,35645,0
2015/07/25,35665,35665,35665,35665,0
2015/07/26,36099,36099,36099,36099,0
2015/07/27,36073,36073,36073,36073,0
2015/07/28,36291,36291,36291,36291,0
2015/07/29,35784,35784,35784,35784,0
2015/07/30,35658,35658,35658,35658,0
2015/07/31,35189,35189,35189,35189,0
2015/08/01,35655,35749,34483,34603,3425.24
2015/08/02,34603,34852,34249,34764,2604.56
2015/08/03,34764,35462,34686,35244,3091.65
2015/08/04,35244,35698,35102,35575,3118.7
2015/08/05,35575,35902,35289,35317,2464.21
2015/08/06,35317,35428,34865,34926,3706.59
2015/08/07,34926,35109,34499,34958,4566.43
2015/08/08,34958,35032,33555,33598,4167.35
2015/08/09,33598,33822,32371,33247,3046.96
2015/08/10,33247,33455,32701,33259,3385.91
2015/08/11,33259,33742,33141,33487,4292.06
2015/08/12,33487,34319,33400,33642,3935.09
2015/08/13,33642,34502,33236,33371,4179.71
2015/08/14,33371,33752,33174,33511,3162.82
2015/08/15,33511,33704,33187,33277,2815.43
2015/08/16,33277,33285,32170,32342,3002.13
2015/08/17,32342,32778,32277,32534,3453.87
2015/08/18,32534,32654,31717,31793,4684.11
2015/08/19,31793,32074,28689,29580,8067.94
2015/08/20,29580,30033,28879,29843,6485.17
2015/08/21,29843,30179,29214,29333,4800.86
2015/08/22,29333,29603,28694,28822,3750.99
2015/08/23,28822,29230,28026,28988,2921.98
2015/08/24,28988,29048,27135,27135,6461.28
2015/08/25,27135,27215,24657,26629,10343.82
2015/08/26,26629,28397,26629,28340,6793.8
2015/08/27,28340,28355,27806,28053,3605.43
2015/08/28,28053,28141,27614,28035,3966.33
2015/08/29,28035,28969,27968,28265,3144.31
2015/08/30,28265,28666,28235,28343,3351.82
2015/08/31,28343,28609,28041,28347,4370.48
2015/09/01,28347,28672,28009,28042,4869.96
2015/09/02,28042,28186,27909,28067,3775.01
2015/09/03,28067,28400,27910,28074,3650.1
2015/09/04,28074,28107,27776,27953,4336.79
2015/09/05,27953,28373,27813,28274,2649.62
2015/09/06,28274,29373,28243,29329,3504.79
2015/09/07,29329,29329,28944,29157,3337.39
2015/09/08,29157,29694,29041,29408,5401.62
2015/09/09,29408,29630,29069,29206,5834.61
2015/09/10,29206,29347,28857,29248,4311.87
2015/09/11,29248,29595,29118,29426,3993.71
2015/09/12,29426,29629,29259,29259,2606.68
2015/09/13,29259,29322,28425,28507,3372.11
2015/09/14,28507,28555,27815,28409,5758.04
2015/09/15,28409,28459,28067,28067,4435.63
2015/09/16,28067,28236,27734,28067,4390.59
2015/09/17,28067,28135,27764,28135,4081.97
2015/09/18,28135,28577,28037,28105,4649.47
2015/09/19,28105,28371,27954,27955,3519.42
2015/09/20,27955,28138,27898,27988,2094.09
2015/09/21,27988,28139,27404,27680,3610.91
2015/09/22,27680,28059,27276,27791,4559.91
2015/09/23,27791,28041,27596,27877,2157.05
2015/09/24,27877,28338,27867,28059,4226.36
2015/09/25,28059,28887,28042,28809,4217.62
2015/09/26,28809,28809,28402,28509,2553.34
2015/09/27,28509,28625,28390,28401,2473.19
2015/09/28,28401,28900,28310,28813,4623.86
2015/09/29,28813,28936,28700,28779,4292.12
2015/09/30,28779,29131,28626,28999,4200.62
2015/10/01,28999,29075,28848,28944,4498.93
2015/10/02,28944,29248,28944,29084,4399.83
2015/10/03,29084,29209,28946,29192,3003.86
2015/10/04,29192,29256,28997,29099,2946.49
2015/10/05,29099,29157,29031,29095,4006.48
2015/10/06,29095,29823,29095,29760,5816.88
2015/10/07,29760,29963,29682,29712,5390.15
2015/10/08,29712,29760,29429,29596,4037.98
2015/10/09,29596,29683,29500,29555,4853.24
2015/10/10,29694,29769,29517,29521,2852.25
2015/10/11,29521,29834,29521,29785,3683.85
2015/10/12,29785,30274,29631,29728,6709.11
2015/10/13,29728,30072,29556,30061,6216.75
2015/10/14,30061,30268,29879,30244,6032.69
2015/10/15,30244,30557,30182,30387,6951.32
2015/10/16,30387,31197,30320,31197,7110.69
2015/10/17,31197,32829,31197,32829,9828.92
2015/10/18,32829,32829,31739,31739,10263.34
2015/10/19,31739,31947,31436,31877,8377.6
2015/10/20,31877,32204,31712,32204,8418.66
2015/10/21,32204,32757,31925,32180,7570.3
2015/10/22,32180,33215,32084,32997,5433.08
2015/10/23,32997,33693,32958,33423,7488.26
2015/10/24,33423,34183,33423,34157,4770.37
2015/10/25,34157,35811,33970,35811,7104.86
2015/10/26,35811,35849,34071,34555,11308.6
2015/10/27,34555,35685,34555,35552,9836.79
2015/10/28,35552,36949,35426,36949,9687.07
2015/10/29,36949,37919,36089,37862,15026.15
2015/10/30,37862,40323,37541,39031,26980.88
2015/10/31,39031,40370,38860,39248,10633.45
2015/11/01,39248,39287,37385,38261,11309.89
2015/11/02,38261,40911,37772,40556,12682.43
2015/11/03,40556,47593,40556,47532,18807.53
2015/11/04,47532,62094,47154,61768,26173.63
2015/11/05,61035,61387,46994,49023,17331.93
2015/11/06,49023,50700,44543,46834,12810.12
2015/11/07,46834,49143,45724,48475,11937.72
2015/11/08,48475,48870,47531,48157,12176.24
2015/11/09,48157,48584,45723,47998,11765.59
2015/11/10,47998,48209,44546,44546,12669.55
2015/11/11,44546,44957,37558,39351,19210.69
2015/11/12,39351,43493,38095,40927,17272.97
2015/11/13,41767,42605,40669,41426,14063.96
2015/11/14,41426,42172,40985,40985,9486.92
2015/11/15,40985,41855,39317,40004,9235.16
2015/11/16,40004,40407,39463,39995,10588.59
2015/11/17,39995,42139,39927,41309,13869.12
2015/11/18,41309,41702,40968,41460,8900.4
2015/11/19,41460,41729,40355,40564,10012.87
2015/11/20,40564,40610,38896,40061,14359.26
2015/11/21,40061,40784,39761,40421,8334.12
2015/11/22,40421,40714,39916,40107,6908.79
2015/11/23,40107,40450,39985,40407,6132.75
2015/11/24,40407,40407,39310,39644,10405.9
2015/11/25,39644,40283,38965,39982,9858.61
2015/11/26,39982,44903,39981,43160,20109.75
2015/11/27,43160,44733,42161,43543,13853.41
2015/11/28,43543,44503,43364,43542,10118.64
2015/11/29,43542,44796,43487,44504,6901.94
2015/11/30,44504,47205,44391,46103,14343.15
2015/12/01,46103,46831,43828,44891,13118.53
2015/12/02,44891,44891,42936,44228,13936.34
2015/12/03,44228,45574,44037,44599,16806.74
2015/12/04,44599,44728,43609,44728,10721.1
2015/12/05,44728,47223,44491,46563,11901.26
2015/12/06,46563,49878,46492,48340,16790.17
2015/12/07,48340,49595,47668,48827,17401.69
2015/12/08,48827,49148,48252,48543,12277.04
2015/12/09,48543,51998,48497,51630,15392.92
2015/12/10,51630,51630,50096,50896,13949.59
2015/12/11,50896,53248,50378,52635,18255.6
2015/12/12,52635,57364,50049,51550,27064.64
2015/12/13,51550,53393,51224,53393,12767.53
2015/12/14,53393,54261,52189,54031,15529.2
2015/12/15,54031,55555,53617,55548,16516.02
2015/12/16,55548,56693,54185,55719,20363.09
2015/12/17,55719,56137,55214,55971,10104.09
2015/12/18,55971,56867,55598,56118,15912.66
2015/12/19,56118,56575,55973,56305,9539.99
2015/12/20,56305,56305,54789,54789,11945.27
2015/12/21,54789,55019,51687,52908,21110.83
2015/12/22,52908,53714,52490,52866,13737.38
2015/12/23,52866,53629,52768,53322,10075.9
2015/12/24,53322,55284,53049,54897,14229.91
2015/12/25,54897,55246,54370,54580,13900.91
2015/12/26,54580,55132,50183,51139,26843.75
2015/12/27,51139,51139,48958,50414,31828.18
2015/12/28,50414,51871,50082,51380,21339.82
2015/12/29,51380,51386,50605,50941,11778.84
2015/12/30,50941,52324,50941,51192,14988.76
2015/12/31,51192,51564,50255,50981,12488.3
2016/01/01,50981,52528,50903,51890,13871.33
2016/01/02,51890,52522,51890,52059,11783.88
2016/01/03,52059,52388,51406,51406,11554.77
2016/01/04,51406,51822,51011,51632,14504.7
2016/01/05,51632,51998,51222,51580,12355.64
2016/01/06,51580,51710,50783,51167,13247.81
2016/01/07,51167,53481,51007,53362,18017.36
2016/01/08,53362,54665,53362,54025,13770.61
2016/01/09,54025,55886,52676,52676,11640.13
2016/01/10,52676,53223,51895,52047,10358.74
2016/01/11,52047,52989,52047,52638,16893.39
2016/01/12,52638,53024,52510,52597,15901.59
2016/01/13,52597,52772,50151,50810,16897.54
2016/01/14,50810,51216,50697,51178,12685.63
2016/01/15,51178,51422,45624,46153,29837.73
2016/01/16,46153,46721,41852,43436,25940.29
2016/01/17,43436,46311,43002,45348,20316.8
2016/01/18,45348,45825,44548,45693,16130.02
2016/01/19,45693,46056,45348,45933,12771.22
2016/01/20,45933,48196,44848,47927,22037.06
2016/01/21,47927,49833,47736,48958,17949.97
2016/01/22,48958,48958,46202,46726,16892.01
2016/01/23,46726,46940,44613,45766,14960.32
2016/01/24,45766,47903,45606,47903,8436.7
2016/01/25,47903,48299,47156,47393,12758.54
2016/01/26,47393,47418,46115,46600,13316.5
2016/01/27,46600,47164,46320,46783,11625.11
2016/01/28,46783,46940,45020,45580,16449.01
2016/01/29,45580,46835,43902,46213,18249.31
2016/01/30,46213,46550,45440,46312,9610.72
2016/01/31,46312,46472,45856,46119,9380.21
2016/02/01,46119,46183,44683,45586,13994.75
2016/02/02,45586,45586,45046,45428,12595.07
2016/02/03,45428,45620,44783,44887,11786.99
2016/02/04,44887,45938,44066,45688,16561.28
2016/02/05,45688,46375,45395,45749,11947.34
2016/02/06,45749,45883,43948,44320,14400.17
2016/02/07,44320,45043,44105,44734,7341.43
2016/02/08,44734,44899,44157,44560,11446.17
2016/02/09,44560,44560,43393,44090,14429.2
2016/02/10,44090,44959,43740,44946,14486.65
2016/02/11,44946,44946,43191,43448,11441.5
2016/02/12,43448,43986,42818,43908,12762.93
2016/02/13,43908,44976,43841,44462,9039.87
2016/02/14,44462,45748,44458,45647,18260.13
2016/02/15,45647,46629,45524,46172,16462.16
2016/02/16,46172,46593,45480,46593,15071.83
2016/02/17,46593,48298,46426,48134,17070.24
2016/02/18,48134,49137,47843,48556,22954.51
2016/02/19,48556,48611,47737,48256,16930.7
2016/02/20,48256,49252,47813,48965,18834.94
2016/02/21,48965,51124,48734,49107,35196.5
2016/02/22,49107,50324,49010,50223,25930.06
2016/02/23,50223,50334,48005,48347,29186.88
2016/02/24,48347,48356,44674,47731,30174.14
2016/02/25,47731,48328,47489,48177,21687.77
2016/02/26,48177,48877,47838,48793,19797.55
2016/02/27,48793,50162,48777,49734,18898.66
2016/02/28,49734,50131,48670,50041,18917.4
2016/02/29,50041,50386,49488,50073,23851.24
2016/03/01,50073,50163,49045,49602,23439.45
2016/03/02,49602,49977,49303,49426,29079.24
2016/03/03,49426,49528,48098,48742,29658.13
2016/03/04,48742,48914,48208,48308,29368.18
2016/03/05,48308,48540,45683,45790,39817.08
2016/03/06,45790,46946,45193,46852,32106.59
2016/03/07,46852,47512,46601,47127,28129.45
2016/03/08,47127,47688,46868,47042,33774.18
2016/03/09,47042,47207,46727,47054,34997.62
2016/03/10,47054,47725,47054,47632,29764.81
2016/03/11,47632,48597,47442,48226,24842.05
2016/03/12,48226,48404,47083,47357,20773.72
2016/03/13,47357,47700,46747,47372,16260.62
2016/03/14,47372,47895,47275,47618,23041.93
2016/03/15,47618,48018,47403,47464,20035.44
2016/03/16,47464,47956,47439,47866,20544.18
2016/03/17,47866,47930,47394,47589,21209.94
2016/03/18,47589,47594,46377,46377,26221.49
2016/03/19,46377,46498,45703,46112,27429.99
2016/03/20,46112,46672,45919,46665,23710.71
2016/03/21,46665,46830,46092,46438,19308.41
2016/03/22,46438,47206,46438,46916,21581.95
2016/03/23,46916,47545,46916,47515,20045.19
2016/03/24,47515,47719,47412,47560,24026.44
2016/03/25,47560,47872,47414,47854,15513.67
2016/03/26,47854,47974,47623,47714,11110.99
2016/03/27,47714,47987,47664,47890,14091.9
2016/03/28,47890,49243,47890,48881,29756.53
2016/03/29,48881,49218,47351,48120,24240.69
2016/03/30,48120,48120,47044,47520,27506.64
2016/03/31,47520,47968,47184,47399,26877.92
2016/04/01,47399,47578,47296,47542,19066.56
2016/04/02,47542,48065,47376,47788,32871.7
2016/04/03,47788,47816,47589,47776,37216.38
2016/04/04,47776,47823,47359,47405,35228.43
2016/04/05,47405,47551,47109,47541,39868.49
2016/04/06,47541,47606,47242,47267,54950.74
2016/04/07,47267,47274,46495,46620,62057.92
2016/04/08,46620,47005,46463,46695,42905.38
2016/04/09,46695,46741,45506,46015,23699.88
2016/04/10,46015,46312,45947,46208,16712.95
2016/04/11,46208,46392,45898,46098,32643.93
2016/04/12,46098,46674,45891,46500,29527.04
2016/04/13,46500,46676,46258,46584,25350.41
2016/04/14,46584,46673,46404,46433,24400.75
2016/04/15,46433,46980,46433,46970,24247.94
2016/04/16,46970,47269,46793,47071,29100.21
2016/04/17,47071,47111,46586,46720,23040.51
2016/04/18,46720,46767,46422,46692,26005.35
2016/04/19,46692,46904,46579,46870,25041.29
2016/04/20,46870,47864,46806,47826,30489.04
2016/04/21,47826,48970,47826,48579,36744.71
2016/04/22,48579,49602,48559,49602,37019.97
2016/04/23,49602,50113,49542,50075,34303.64
2016/04/24,50075,51108,49823,50313,33222.19
2016/04/25,50313,51599,50303,51070,51952.76
2016/04/26,51070,51855,50999,51530,40897.72
2016/04/27,51530,52148,50185,50892,54184.55
2016/04/28,50892,50993,48212,48904,64015.99
2016/04/29,48904,49283,48484,48706,25231.78
2016/04/30,48706,49176,48541,48758,34978.95
2016/05/01,48758,48772,47790,48436,62619.42
2016/05/02,48436,48551,47126,47447,64712.82
2016/05/03,47447,47912,47288,47815,64497.65
2016/05/04,47815,48631,47740,48224,50669.13
2016/05/05,48224,48480,48034,48270,43826.01
2016/05/06,48270,48588,48127,48390,33234.15
2016/05/07,48390,49518,48363,49237,58143.53
2016/05/08,49237,49486,48917,49099,36600.17
2016/05/09,49099,49931,49099,49804,32634.85
2016/05/10,49804,50200,48981,49299,40513.49
2016/05/11,49299,49519,49024,49282,39293.57
2016/05/12,49282,49480,48894,49480,38457.49
2016/05/13,49480,49783,49150,49692,41918.79
2016/05/14,49692,49944,49529,49662,34926.96
2016/05/15,49662,49774,49549,49663,30888.92
2016/05/16,49663,49900,49636,49736,26562.77
2016/05/17,49736,49894,49192,49534,18591.96
2016/05/18,49534,49695,49324,49677,35974.28
2016/05/19,49677,49857,49091,49402,49315.57
2016/05/20,49402,49402,48008,48932,41993.41
2016/05/21,48932,48986,48547,48730,34611.62
2016/05/22,48730,48808,48602,48602,32277.3
2016/05/23,48602,48766,48240,48549,29392.81
2016/05/24,48549,49177,48542,49167,31718.6
2016/05/25,49167,49757,49082,49420,37451.93
2016/05/26,49420,50085,49211,49848,42370.83
2016/05/27,49848,52853,49765,52295,71602
2016/05/28,52295,56041,51919,55043,79560.89
2016/05/29,55043,59792,55043,59284,85997.97
2016/05/30,59284,61892,57238,60288,84704.11
2016/05/31,60288,61133,59456,59801,62881.87
2016/06/01,59801,59934,57996,59529,59099
2016/06/02,59529,59920,58640,58720,43735.09
2016/06/03,58720,60868,58614,60618,42232.11
2016/06/04,60618,63128,60507,61488,60462.68
2016/06/05,61488,62451,60355,61452,46577.11
2016/06/06,61452,62981,60894,62782,47544.76
2016/06/07,62782,63750,61997,62282,50358.52
2016/06/08,62282,62559,61327,61948,51823.73
2016/06/09,61948,62740,61278,61786,48547.41
2016/06/10,61786,62442,61670,61862,46323.78
2016/06/11,61862,62850,61842,62640,51600.16
2016/06/12,62640,70039,62567,69464,111646.03
2016/06/13,69464,76696,68790,76597,101907.4
2016/06/14,76597,76597,73227,73361,70815.96
2016/06/15,73361,74672,71804,73650,61928.99
2016/06/16,73650,79259,73385,78069,84946.05
2016/06/17,78069,82544,76949,78888,100988.76
2016/06/18,78888,80632,77931,80112,49751.6
2016/06/19,80112,82293,78811,80677,55884.01
2016/06/20,80677,81143,78465,78465,52878.37
2016/06/21,78465,79132,67048,69042,96363.48
2016/06/22,69042,71196,65554,69994,82212.11
2016/06/23,69994,70247,57801,60742,137096.85
2016/06/24,60742,70251,59573,68584,117091.51
2016/06/25,68584,71817,67074,70291,54344.97
2016/06/26,70291,70648,63362,64544,71538.4
2016/06/27,64544,66652,63011,64472,69980.44
2016/06/28,64472,67890,64052,65730,66045.46
2016/06/29,65730,67459,64639,65618,59925.81
2016/06/30,65618,69483,65549,68982,53002.68
2016/07/01,68982,71417,68913,69715,59883.07
2016/07/02,69715,72463,69435,71770,58040.55
2016/07/03,71770,73170,68405,68405,65239.81
2016/07/04,68405,70513,66850,70235,83455.34
2016/07/05,70235,70863,67940,67940,73571.8
2016/07/06,67940,69414,67808,68355,74600.83
2016/07/07,68355,69323,64484,65050,141705.88
2016/07/08,65050,66014,62033,65882,142447.5
2016/07/09,65882,67407,65096,66794,159353.63
2016/07/10,66794,66884,63740,64742,173053.37
2016/07/11,64742,66551,64654,66255,118213.53
2016/07/12,66255,68188,66063,68188,94409.86
2016/07/13,68188,70636,68188,68874,135925.14
2016/07/14,68874,69911,67921,69741,95458.56
2016/07/15,69741,70539,69231,69970,77724.31
2016/07/16,69970,70226,69229,69563,60355.74
2016/07/17,69563,70367,69485,70156,58739.78
2016/07/18,70156,72109,70137,71989,85753.43
2016/07/19,71989,72337,70692,71344,80546.91
2016/07/20,71344,71698,70774,71394,74747.24
2016/07/21,71394,71394,70168,70831,92979.63
2016/07/22,70831,70844,69139,69412,76170.5
2016/07/23,69412,69915,68483,69479,76269.24
2016/07/24,69479,70135,69191,70135,57567.03
2016/07/25,70135,70531,69263,69506,58948.06
2016/07/26,69506,69791,67968,68658,54076.86
2016/07/27,68658,69283,68443,69246,51508.35
2016/07/28,69246,69706,68896,69186,47569.29
2016/07/29,69186,69186,67949,67949,55451.27
2016/07/30,67949,68011,67325,67456,36970.86
2016/07/31,67456,67581,64545,64826,61860.5
2016/08/01,64826,65072,63390,63986,70083.42
2016/08/02,63986,64046,61169,61296,94399.47
2016/08/03,61296,61335,49662,55633,126250.5
2016/08/04,55633,59462,55535,58469,68460.13
2016/08/05,58469,58574,57585,58527,43548.37
2016/08/06,58527,58738,57933,58168,37748
2016/08/07,58168,61318,58139,61318,37627.3
2016/08/08,61318,61645,60033,61006,49682.71
2016/08/09,61006,61304,60104,60888,57355.14
2016/08/10,60888,61461,60256,61421,46668.94
2016/08/11,61421,61421,60500,60548,41159.93
2016/08/12,60548,60753,59923,60078,45461.47
2016/08/13,60078,60370,59812,60062,38312.63
2016/08/14,60062,60141,58391,58812,54862.96
2016/08/15,58812,58834,57808,57808,45602.66
2016/08/16,57808,58303,53013,57821,53727.04
2016/08/17,57821,58799,57821,58049,40171.33
2016/08/18,58049,58446,57749,58293,39737.32
2016/08/19,58293,58622,57748,58089,39782.36
2016/08/20,58089,58612,57887,58270,31928.48
2016/08/21,58270,58623,58164,58440,30454.29
2016/08/22,58440,58938,58335,58847,31615.37
2016/08/23,58847,59409,58567,58690,50797.1
2016/08/24,58690,58750,58196,58331,40249.05
2016/08/25,58331,58386,57708,57923,40609.96
2016/08/26,57923,58521,57854,58447,37330.41
2016/08/27,58447,58764,58141,58141,32750.77
2016/08/28,58141,58387,57738,58162,38907.18
2016/08/29,58162,58778,58115,58534,37541.7
2016/08/30,58534,59158,58258,59057,40973.76
2016/08/31,59057,59647,58993,59084,43810.43
2016/09/01,59084,59412,59069,59234,34271.87
2016/09/02,59234,59502,59059,59476,36534.82
2016/09/03,59476,59727,59382,59679,33260.45
2016/09/04,59679,63051,59533,62685,46157.45
2016/09/05,62685,63103,62449,62843,52670.63
2016/09/06,62843,63347,62619,62953,47686.36
2016/09/07,62953,62953,62145,62549,49781.65
2016/09/08,62549,63962,62510,63693,48419.47
2016/09/09,63693,64056,63427,64056,52486.68
2016/09/10,64056,64425,63874,64213,44624.92
2016/09/11,64213,64496,64149,64235,51254.78
2016/09/12,64235,64658,61491,61888,57793.41
2016/09/13,61888,62551,61888,62439,42065.04
2016/09/14,62439,62940,62289,62887,42316.96
2016/09/15,62887,62895,62559,62686,38506.61
2016/09/16,62686,62686,62388,62564,36011.62
2016/09/17,62564,62607,62327,62327,29301.31
2016/09/18,62327,62790,62143,62606,29147.04
2016/09/19,62606,62903,62170,62170,38258.76
2016/09/20,62170,62291,61868,61949,37803.25
2016/09/21,61949,62043,60129,60197,53374.92
2016/09/22,60197,60605,60130,60475,40079.17
2016/09/23,60475,60918,60152,60866,45020.98
2016/09/24,60866,61396,60866,61064,38619.86
2016/09/25,61064,61221,60643,60730,38933.68
2016/09/26,60730,61370,60570,61210,56908.63
2016/09/27,61210,61329,61032,61113,49831.01
2016/09/28,61113,61516,60919,61183,49854.61
2016/09/29,61183,61501,60964,61424,44723.6
2016/09/30,61424,61462,61152,61340,38298.83
2016/10/01,61340,62372,61340,62372,36008.55
2016/10/02,62372,62459,61818,61862,33657.94
2016/10/03,61862,62274,61699,62256,41187.23
2016/10/04,62256,62701,62131,62701,42156.93
2016/10/05,62701,63474,62670,63429,49353.76
2016/10/06,63429,63893,63298,63878,54735.14
2016/10/07,63878,64284,63411,64078,60352.57
2016/10/08,64078,64169,63707,63707,40597.11
2016/10/09,63707,63959,63481,63558,40006.23
2016/10/10,63558,63902,63206,63710,52023.63
2016/10/11,63710,65956,63496,65804,68488.78
2016/10/12,65804,66674,65613,66674,67002.68
2016/10/13,66674,66782,66240,66293,56136.67
2016/10/14,66293,67011,66026,66656,67001.86
2016/10/15,66656,67137,66624,67095,56309.56
2016/10/16,67095,67211,66395,66826,55145.81
2016/10/17,66826,67160,66796,67009,55762.3
2016/10/18,67009,67063,66812,66991,50138.75
2016/10/19,66991,66991,65521,65531,64378.03
2016/10/20,65531,65893,65288,65669,56553.66
2016/10/21,65669,66213,65532,66174,40045.36
2016/10/22,66174,67160,66120,67160,33631.25
2016/10/23,67160,69631,67160,68461,57074.78
2016/10/24,68461,68937,68128,68853,68704.7
2016/10/25,68853,69456,68479,69456,56894.84
2016/10/26,69456,70453,68891,70216,112107.3
2016/10/27,70216,72710,70216,72381,80096.59
2016/10/28,72381,73506,72277,73277,59743.45
2016/10/29,73277,75798,73267,75798,70371.07
2016/10/30,75798,77250,73573,75039,92174.74
2016/10/31,75039,75735,72780,75279,87007.66
2016/11/01,75279,77947,74589,77415,96355.16
2016/11/02,77415,77560,75777,75892,72336.78
2016/11/03,75892,78199,75752,76302,86006.39
2016/11/04,76302,76346,69624,72879,95049.47
2016/11/05,72879,73566,71552,72777,66157.87
2016/11/06,72777,74473,72660,72660,64330.65
2016/11/07,72660,74777,72332,73622,65384.04
2016/11/08,73622,75171,73549,74868,63819.54
2016/11/09,74868,76866,73890,76050,93119.95
2016/11/10,76050,77281,76043,76413,65640.84
2016/11/11,76413,77103,76363,77048,56467.53
2016/11/12,77048,77239,75855,76170,58328.73
2016/11/13,76170,76263,73455,73860,80452.88
2016/11/14,73860,76713,73782,76354,66010.53
2016/11/15,76354,77246,76116,77078,72052.5
2016/11/16,77078,81156,77057,79616,79109.79
2016/11/17,79616,82923,79369,82258,91992.07
2016/11/18,82258,83038,81622,82728,65313.25
2016/11/19,82728,84853,82264,83935,62740.2
2016/11/20,83935,84484,81206,81206,62942.71
2016/11/21,81206,82639,79211,82407,100683.95
2016/11/22,82407,84534,82346,84425,72106.73
2016/11/23,84425,84966,82898,83727,86865.87
2016/11/24,83727,85058,83439,84389,89994.82
2016/11/25,84389,85002,83629,84518,47362.64
2016/11/26,84518,85099,83901,84013,34416.88
2016/11/27,84013,84814,83825,84529,43316.6
2016/11/28,84529,84720,83957,84276,48089.74
2016/11/29,84276,84948,84206,84729,45830.98
2016/11/30,84729,86662,84502,86040,64817.41
2016/12/01,86040,87676,86040,87379,60175.37
2016/12/02,87379,91968,87356,90518,87770.41
2016/12/03,90518,91657,89801,90742,75194.96
2016/12/04,90742,90845,89950,90338,60082.62
2016/12/05,90338,91562,89812,90564,75844.13
2016/12/06,90564,90991,90323,90584,58176.34
2016/12/07,90584,90707,89163,89213,86788.53
2016/12/08,89213,89742,88846,89152,74710.64
2016/12/09,89152,89663,89057,89524,62976.15
2016/12/10,89524,90041,89338,89894,60181.64
2016/12/11,89894,90016,89197,89288,47249.82
2016/12/12,89288,90968,89187,90663,51919.91
2016/12/13,90663,91843,90199,90756,53417.92
2016/12/14,90756,91739,90460,90544,56915.84
2016/12/15,90544,92378,90014,92274,43960.76
2016/12/16,92274,93475,92169,93150,39954.28
2016/12/17,93150,93910,93001,93672,42272.59
2016/12/18,93672,93764,93356,93394,31274.81
2016/12/19,93394,94007,93265,93831,41359.36
2016/12/20,93831,95048,93667,94854,50495.64
2016/12/21,94854,97843,94812,97843,56113.49
2016/12/22,97843,107779,97843,104458,115313.33
2016/12/23,104458,109683,103819,108592,92422.98
2016/12/24,108592,109740,105997,106549,77469.54
2016/12/25,106549,108082,102493,103398,81108.89
2016/12/26,103398,108506,103316,107282,110000.56
2016/12/27,107282,111882,106575,111091,97793.05
2016/12/28,111091,115618,110490,115583,99438.9
2016/12/29,115583,117674,113808,114846,115849.98
2016/12/30,114846,115921,109260,112682,123401.38
2016/12/31,112682,114740,112452,113675,95005.26
2017/01/01,113675,116396,113675,116396,69514.47
2017/01/02,116396,121427,116187,120909,68120.87
2017/01/03,120909,121954,119605,121097,114628.7
2017/01/04,121097,132010,120952,130959,146201.87
2017/01/05,130959,146025,104107,110986,272713
2017/01/06,110986,125265,100696,106707,201793
2017/01/07,106707,109930,98087,105233,157359.84
2017/01/08,105233,112125,104340,108391,100709.23
2017/01/09,108391,108391,103487,105319,112539.16
2017/01/10,105319,107512,103657,106246,99924.55
2017/01/11,106246,108749,94411,96123,141959.44
2017/01/12,96123,96123,86355,89211,164632.17
2017/01/13,89211,95197,89211,93199,147960.61
2017/01/14,93199,96337,93199,94588,112503.91
2017/01/15,94588,95617,92658,93533,85372.31
2017/01/16,93533,96392,93017,95536,63731.75
2017/01/17,95536,104021,95332,101167,96863.52
2017/01/18,101167,104873,96883,98345,100544.94
2017/01/19,98345,103121,98336,101973,76167.65
2017/01/20,101973,103259,101766,102778,52169.2
2017/01/21,102778,106096,102647,105871,48025.43
2017/01/22,105871,108333,102963,104619,58618.65
2017/01/23,104619,106755,104541,105816,52522.21
2017/01/24,105816,105948,101096,103525,68834.94
2017/01/25,103525,104245,101418,101878,52977.12
2017/01/26,101878,104570,101580,104225,40652.97
2017/01/27,104225,106208,104225,105771,47149.54
2017/01/28,105771,106351,105602,106026,24799.69
2017/01/29,106026,106439,105890,105995,21457.67
2017/01/30,105995,106214,105629,105936,31876.81
2017/01/31,105936,109323,105507,107537,57988.85
2017/02/01,107537,112799,107422,111202,79631.94
2017/02/02,111202,113830,111202,113553,59049.4
2017/02/03,113553,119530,113546,116741,102773.9
2017/02/04,116741,117705,115202,116536,54583.78
2017/02/05,116536,117933,116496,116887,45287.55
2017/02/06,116887,117754,115929,117441,52878.75
2017/02/07,117441,119730,117210,119589,58797.14
2017/02/08,119589,123353,118623,120679,93030.84
2017/02/09,120679,123346,106300,111311,136873.49
2017/02/10,111311,115679,107572,110581,117322.89
2017/02/11,110581,114962,110496,114730,70103.92
2017/02/12,114730,115147,114123,114131,43125.3
2017/02/13,114131,117078,113466,115266,68112.38
2017/02/14,115266,117398,115167,116770,66226.83
2017/02/15,116770,117477,116248,117404,57310.93
2017/02/16,117404,118724,117396,118715,45846.32
2017/02/17,118715,121776,118715,121461,78790.76
2017/02/18,121461,122057,120781,121681,52920.33
2017/02/19,121681,121825,120668,121113,39999.03
2017/02/20,121113,121882,120522,121672,46219.15
2017/02/21,121672,127844,121517,127088,93169.92
2017/02/22,127088,131109,126503,129706,91698.17
2017/02/23,129706,132058,129688,132023,72371.51
2017/02/24,132023,138910,130020,137015,151606.5
2017/02/25,137015,137440,133720,134224,64266.25
2017/02/26,134224,134883,127335,134131,93695.82
2017/02/27,134131,136306,133447,134571,71408.42
2017/02/28,134571,139452,134319,137122,96945.27
2017/03/01,137122,141556,137122,141556,64259.09
2017/03/02,141556,145073,141311,145073,76647.21
2017/03/03,145073,150024,145073,149553,116143.24
2017/03/04,149553,149752,147449,148076,55281.56
2017/03/05,148076,148368,143845,146965,70549.63
2017/03/06,146965,148872,146965,148549,41194.41
2017/03/07,148549,148562,143610,145011,79317.26
2017/03/08,145011,146113,134438,140097,159594.82
2017/03/09,140097,140273,134834,137778,114837.67
2017/03/10,137778,147508,137325,145790,110505.30
2017/03/11,145790,147083,129488,139164,124778.09
2017/03/12,139164,140819,137762,140325,42228.39
2017/03/13,140325,145536,140325,144376,70608.63
2017/03/14,144376,145535,143632,145258,57543.06
2017/03/15,145258,145603,144539,145282,41658.75
2017/03/16,145282,145322,140109,141054,74814.42
2017/03/17,141054,141054,129450,134396,149593.54
2017/03/18,134396,134396,115437,115719,114279.82
2017/03/19,115719,117635,105932,115570,140576.49
2017/03/20,115570,125785,115525,120665,84763.57
2017/03/21,120665,126305,120308,125417,72418.94
2017/03/22,125417,126956,114419,115594,98896.83
2017/03/23,115594,119423,112790,117474,87688.12
2017/03/24,117474,117625,107630,109998,84772.14
2017/03/25,109998,110777,98873,104962,114252.94
2017/03/26,104962,110877,103341,109228,91393.20
2017/03/27,109228,114639,106774,113817,86351.59
2017/03/28,113817,119318,112984,118098,74402.85
2017/03/29,118098,118628,113590,117115,83839.40
2017/03/30,117115,117543,114981,115540,53861.08
2017/03/31,115540,119037,115001,118721,53298.39
2017/04/01,118721,123501,118721,121628,54069.70
2017/04/02,121628,123023,120542,122005,36380.36
2017/04/03,122005,128219,121987,127262,64399.65
2017/04/04,127262,128698,125901,125901,60474.18
2017/04/05,125901,128622,125901,127561,45048.63
2017/04/06,127561,131907,126881,130854,48107.23
2017/04/07,130854,134374,130334,133465,49423.46
2017/04/08,133465,134679,133016,134086,27657.89
2017/04/09,134086,134086,132189,133134,28902.42
2017/04/10,133134,135815,133134,135582,37494.82
2017/04/11,135582,135582,134584,134835,36853.42
2017/04/12,134835,135781,134835,135217,35126.26
2017/04/13,135217,135266,129085,129401,61234.28
2017/04/14,129401,132393,127682,131031,46626.01
2017/04/15,131031,132693,131031,132625,25983.03
2017/04/16,132625,133043,131141,131827,34637.43
2017/04/17,131827,132235,131420,132104,30763.32
2017/04/18,132104,133965,132104,133472,42163.46
2017/04/19,133472,133601,132554,133304,31229.33
2017/04/20,133304,134929,133224,134644,32170.02
2017/04/21,134644,138723,134644,138042,40706.78
2017/04/22,138042,138137,134706,136285,30754.57
2017/04/23,136285,137994,136239,136993,27410.39
2017/04/24,136993,138773,136866,138290,33579.95
2017/04/25,138290,140376,138123,140094,34261.80
2017/04/26,140094,144061,140077,144061,41717.77
2017/04/27,144061,147865,143238,147437,45666.76
2017/04/28,147437,149579,144738,147981,54393.20
2017/04/29,147981,149225,146026,147776,29253.02
2017/04/30,147776,148451,147431,148451,20597.58
2017/05/01,148451,159510,148189,156823,54106.73
2017/05/02,156823,168108,156786,166257,86431.41
2017/05/03,166257,169452,162054,166211,48456.28
2017/05/04,166211,179601,165581,178680,53506.71
2017/05/05,178680,184899,163055,177873,88151.47
2017/05/06,177873,178090,172254,176523,39463.05
2017/05/07,176523,178529,173435,176434,29312.56
2017/05/08,176434,198445,176434,193143,67204.74
2017/05/09,193143,212071,192742,208551,65679.02
2017/05/10,208551,216389,205592,215838,53056.99
2017/05/11,215838,216820,210038,214863,46760.04
2017/05/12,214863,217249,209488,210802,44125.92
2017/05/13,210802,211838,186698,200260,72868.66
2017/05/14,200260,212966,199365,209888,28527.94
2017/05/15,209888,211612,204680,205472,36929.18
2017/05/16,205472,208663,203085,207447,41210.04
2017/05/17,207447,221308,206543,221056,45766.24
2017/05/18,221056,221056,210976,219800,50988.49
2017/05/19,219800,233518,218105,233146,53728.06
2017/05/20,233146,239513,227979,238681,34969.37
2017/05/21,238681,289074,238013,251477,67324.48
2017/05/22,251477,283839,251477,283761,54788.80
2017/05/23,283761,299089,273575,298646,48158.95
2017/05/24,298646,302084,287431,298480,47426.93
2017/05/25,298480,339649,298341,334713,62541.97
2017/05/26,334713,335115,238629,273686,99383.37
2017/05/27,273686,282346,212482,233402,102502.59
2017/05/28,233402,274025,233402,265211,53173.27
2017/05/29,265211,269139,249953,265166,37016.68
2017/05/30,265166,276808,264891,269371,32895.09
2017/05/31,269371,271640,253855,267284,41843.12
2017/06/01,267284,278012,262090,274689,33499.99
2017/06/02,274689,278844,266740,273221,36277.82
2017/06/03,273221,280934,273181,279976,22572.82
2017/06/04,279976,290678,279976,285725,26635.04
2017/06/05,285725,293642,284598,293642,24757.78
2017/06/06,293642,322169,293642,315216,56430.34
2017/06/07,315216,318998,306923,307677,43060.58
2017/06/08,307677,310759,287597,298669,52195.03
2017/06/09,298669,314587,298669,314036,30778.86
2017/06/10,314036,321824,311409,320011,27975.68
2017/06/11,320011,322595,315984,319976,28743.42
2017/06/12,319976,337439,309878,317299,60130.96
2017/06/13,317299,317299,289776,305956,62441.75
2017/06/14,305956,313191,287698,296186,43265.44
2017/06/15,296186,296186,249644,253556,105337.76
2017/06/16,253556,287078,251198,280169,78433.73
2017/06/17,280169,297238,278443,292183,38160.89
2017/06/18,292183,304902,288631,292213,44408.20
2017/06/19,292213,295394,282264,289105,39304.14
2017/06/20,289105,298160,286892,296864,25710.43
2017/06/21,296864,307561,294665,301936,41465.38
2017/06/22,301936,304611,297127,303380,29975.65
2017/06/23,303380,308135,302034,307810,20788.07
2017/06/24,307810,307810,296663,299369,15337.20
2017/06/25,299369,301861,285992,295913,33576.91
2017/06/26,295913,298537,285377,285377,38747.54
2017/06/27,285377,290136,262695,266839,72269.61
2017/06/28,266839,287874,266839,285881,48872.14
2017/06/29,285881,290638,280166,285179,34387.19
2017/06/30,285179,288855,280062,283783,29114.90
2017/07/01,283783,286092,278262,279729,24966.21
2017/07/02,279729,280719,268288,274976,32509.56
2017/07/03,274976,289173,274976,286059,36380.39
2017/07/04,286059,297846,286059,292975,35484.56
2017/07/05,292975,293846,286699,290389,31704.72
2017/07/06,290389,295282,290014,292140,24207.21
2017/07/07,292140,294030,286643,287020,26904.05
2017/07/08,287020,290947,285838,290907,25234.01
2017/07/09,290907,293024,288998,290379,18952.45
2017/07/10,290379,291181,276159,279227,30786.55
2017/07/11,279227,282402,267395,272020,67592.93
2017/07/12,272020,272020,259345,267859,46394.58
2017/07/13,267859,276468,267482,270179,36652.55
2017/07/14,270179,270179,260070,260897,37916.08
2017/07/15,260897,260897,218578,219801,101054.97
2017/07/16,219801,248977,206906,211876,103188.48
2017/07/17,211876,233288,210002,232456,80199.91
2017/07/18,232456,266498,230895,266498,100041.53
2017/07/19,266498,267619,248087,262135,79404.90
2017/07/20,262135,287570,251939,281446,88191.50
2017/07/21,281446,325518,281446,294030,136092.53
2017/07/22,294030,317872,284146,303840,73172.79
2017/07/23,303840,314536,296986,306229,59518.77
2017/07/24,306229,308990,302209,308214,34396.37
2017/07/25,308214,308935,285244,286795,61088.00
2017/07/26,286795,291269,273938,281799,67461.39
2017/07/27,281799,289879,275966,287660,42723.85
2017/07/28,287660,312417,285425,307310,62803.19
2017/07/29,307310,309780,300680,301492,32768.38
2017/07/30,301492,304687,293620,303272,33271.23
2017/07/31,303272,314464,301448,310501,34007.65
2017/08/01,310501,332160,284542,298849,84723.88
2017/08/02,298849,308606,297773,300373,35108.35
2017/08/03,300373,305425,297919,303633,23609.59
2017/08/04,303633,317771,303633,317771,29903.74
2017/08/05,317771,355287,314210,354798,74736.28
2017/08/06,354798,370077,348816,362474,70345.54
2017/08/07,362474,378626,356696,376319,48210.42
2017/08/08,376319,392902,370904,381683,65017.99
2017/08/09,381683,386917,363041,363041,61211.86
2017/08/10,363041,380494,363041,379446,38641.80
2017/08/11,379446,388763,374546,386959,31267.99
2017/08/12,386959,413776,386959,413250,63785.33
2017/08/13,413250,467852,413250,448920,140200.44
2017/08/14,448920,478318,442178,475341,76435.19
2017/08/15,475341,496653,425380,445022,141878.66
2017/08/16,445022,470457,441369,454162,76988.80
2017/08/17,454162,489458,454162,486914,83779.11
2017/08/18,486914,487913,464169,469407,61903.99
2017/08/19,469407,471793,438139,447512,80143.94
2017/08/20,447512,461935,441416,446735,39162.48
2017/08/21,446735,454743,438889,442590,39802.27
2017/08/22,442590,443061,395012,429903,92936.95
2017/08/23,429903,465742,429498,458951,61147.79
2017/08/24,458951,464879,448403,463318,47415.95
2017/08/25,463318,482089,460008,476764,49005.04
2017/08/26,476764,480843,469916,471994,37465.35
2017/08/27,471994,478351,471341,476867,23285.59
2017/08/28,476867,479589,462739,472147,42350.53
2017/08/29,472147,492821,471624,489400,41354.86
2017/08/30,489400,508058,488537,500674,55718.37
2017/08/31,500674,524898,500264,520951,41856.50
2017/09/01,520951,536484,519120,533575,48070.71
2017/09/02,533575,565566,505111,510392,97529.98
2017/09/03,510392,541788,501747,507104,87075.61
2017/09/04,507104,523571,480931,485261,92578.87
2017/09/05,485261,500844,449269,486066,136106.01
2017/09/06,486066,508224,473399,503475,78760.01
2017/09/07,503475,510725,497815,505303,46404.48
2017/09/08,505303,505798,472476,477635,48270.04
2017/09/09,477635,486640,449268,463268,97427.82
2017/09/10,463268,470814,432011,451097,76907.68
2017/09/11,451097,470033,446449,461623,68437.83
2017/09/12,461623,474887,456840,467610,49124.03
2017/09/13,467610,468354,416220,416220,100613.70
2017/09/14,416220,437878,380712,391841,108922.96
2017/09/15,391841,396674,304069,394610,259061.52
2017/09/16,394610,431526,375491,393949,168754.15
2017/09/17,393949,413676,383582,402228,76222.10
2017/09/18,402228,449036,401437,441273,93349.60
2017/09/19,441273,457258,427576,441177,82217.53
2017/09/20,441177,445709,423823,444716,58810.25
2017/09/21,444716,444716,425329,425329,47255.27
2017/09/22,425329,426571,399978,404822,77136.84
2017/09/23,404822,428623,398872,422629,62307.27
2017/09/24,422629,425292,410281,414061,51055.62
2017/09/25,414061,435017,411957,433581,49512.01
2017/09/26,433581,440827,429044,434899,61125.19
2017/09/27,434899,450961,430432,449714,52137.29
2017/09/28,449714,477068,447530,463272,73551.25
2017/09/29,463272,468176,448827,464209,67762.87
2017/09/30,464209,482487,461948,482487,52395.29
2017/10/01,482487,488835,475367,479541,66111.04
2017/10/02,479541,499021,478673,493835,62515.20
2017/10/03,493835,497620,478673,482836,63577.00
2017/10/04,482836,488489,471247,473173,50072.64
2017/10/05,473173,486225,464118,482484,59453.08
2017/10/06,482484,494667,481509,490527,59710.51
2017/10/07,490527,492887,483747,485246,42033.98
2017/10/08,485246,506406,483306,505320,59784.81
2017/10/09,505320,518283,505320,518283,68180.88
2017/10/10,518283,542070,515868,536545,95658.06
2017/10/11,536545,549822,529505,535201,82843.92
2017/10/12,535201,585082,535176,581012,108737.04
2017/10/13,581012,654117,581012,647618,196391.91
2017/10/14,647618,647618,616945,641111,102374.33
2017/10/15,641111,650968,607115,623086,113835.27
2017/10/16,623086,643956,613249,633217,89909.26
2017/10/17,633217,644158,621536,626166,73256.00
2017/10/18,626166,633514,572671,583385,121166.27
2017/10/19,583385,640357,582125,638358,122672.41
2017/10/20,638358,665119,628976,659583,87586.43
2017/10/21,659583,699349,659583,694008,139326.87
2017/10/22,694008,696620,654669,679641,128365.67
2017/10/23,679641,687504,645751,648236,125320.33
2017/10/24,648236,670046,621794,640441,184973.22
2017/10/25,640441,647383,605788,616585,127484.81
2017/10/26,616585,679004,610842,671562,125002.55
2017/10/27,671562,676627,644941,652046,124466.61
2017/10/28,652046,665088,639591,645198,88973.80
2017/10/29,645198,660907,641961,656850,65385.42
2017/10/30,656850,697270,656696,678939,129226.24
2017/10/31,678939,713665,673352,710736,95740.41
2017/11/01,710736,748837,705037,743369,123661.38
2017/11/02,743369,864979,740868,807472,230342.82
2017/11/03,807472,855068,782445,835528,168185.30
2017/11/04,835528,845384,806422,835783,134146.51
2017/11/05,835783,869239,830843,864644,107590.74
2017/11/06,864644,871405,822682,843589,138567.48
2017/11/07,843589,843718,808237,812027,132820.05
2017/11/08,812027,852763,805999,849663,109696.77
2017/11/09,849663,871148,817097,832194,187624.23
2017/11/10,832194,836305,755699,769343,158752.67
2017/11/11,769343,796588,698703,719826,231301.81
2017/11/12,719826,735648,616920,685655,310636.16
2017/11/13,685655,772364,637055,742272,241082.52
2017/11/14,742272,776161,719346,753916,150188.36
2017/11/15,753916,817641,744277,809941,123891.03
2017/11/16,809941,860886,808203,847317,130278.09
2017/11/17,847317,911385,838883,888984,184199.23
2017/11/18,888984,900881,828902,866551,151133.37
2017/11/19,866551,883002,857236,874126,66698.72
2017/11/20,874126,917105,871165,916227,75548.00
2017/11/21,916227,934687,885324,929337,125882.14
2017/11/22,929337,936624,902949,920939,84891.74
2017/11/23,920939,922153,898088,913429,71204.96
2017/11/24,913429,926374,885500,911226,89667.23
2017/11/25,911226,958696,907911,948769,75734.34
2017/11/26,948769,998316,948769,996015,117671.21
2017/11/27,996015,1093955,996015,1077865,151337.06
2017/11/28,1077865,1140254,1053111,1132796,125025.33
2017/11/29,1132796,1306958,1123976,1299164,192216.18
2017/11/30,1299164,1304859,977848,1120939,327663.02
